update_seq,update_kind,instance,digest,coverage_after,pre_delivery_visible_cov,delivered_at_unix,signaling_delay_s,writer_seq,future_use_count,seq,t_send_unix,point_id,cell_id,rep,zipf_alpha,overlap,concurrency,rho,policy,send_ts_unix,coverage_before_source,source_coverage_delta,update_age_s,advertised_before,dispatcher_visible_before,best_visible_cov,second_visible_cov,visible_cov_gap,replica_visible_count,source_best_cov,digest_req_count_recent,in_flight_frames,ewma_delivery_delay_s,dispatcher_loads,dispatcher_rr,supersedes_in_flight,evaluated,superseded_before_use,decision_flip,decision_irrelevant,is_tombstone,dispatcher_load_sum,next_use_request_id,next_use_distance_requests,next_use_time_distance_s,next_use_discard,decision_without_update,decision_with_update,selected_instance_without,selected_instance_with,selected_load_without,selected_load_with,reusable_coverage_without,reusable_coverage_with,reusable_coverage_gain,estimated_prefill_gain_ms,estimated_queue_delta_ms,estimated_net_gain_ms,signaling_cost_ms,oracle_value_ms,realized_ttft_ms,realized_cached_tokens,impact_count_h1,impact_count_h4,impact_count_h8,cumulative_value_h1,cumulative_value_h4,cumulative_value_h8
0,upsert,0,L0007,2048,0,1787889805.4240158,0.001298666000366211,1,0,0,1787889805.422717,base,agg_full@rho1.3,0,0.55,0.0,4,1.3,agg_full,1787889805.4227014,0,2048,,0,0,0,0,0,0,0,1,1,,0;1;1;1,4,0,0,,,,0,3,,,,,,,,,,,,,,,,,,,,,,,,,,
1,upsert,2,L0051,2048,0,1787889805.4240737,0.0012736320495605469,2,0,1,1787889805.4228,base,agg_full@rho1.3,0,0.55,0.0,4,1.3,agg_full,1787889805.4227931,0,2048,,0,0,0,0,0,0,0,1,2,,0;1;0;1,4,0,0,,,,0,2,,,,,,,,,,,,,,,,,,,,,,,,,,
3,upsert,3,L0010,2048,0,1787889805.4241047,0.0012195110321044922,3,0,3,1787889805.4228852,base,agg_full@rho1.3,0,0.55,0.0,4,1.3,agg_full,1787889805.4228816,0,2048,,0,0,0,0,0,0,0,1,4,,0;0;0;0,4,0,0,,,,0,0,,,,,,,,,,,,,,,,,,,,,,,,,,
2,upsert,1,L0053,2048,0,1787889805.424129,0.001280069351196289,4,0,2,1787889805.422849,base,agg_full@rho1.3,0,0.55,0.0,4,1.3,agg_full,1787889805.4228446,0,2048,,0,0,0,0,0,0,0,1,3,,0;0;0;1,4,0,0,,,,0,1,,,,,,,,,,,,,,,,,,,,,,,,,,
4,upsert,0,L0018,2048,0,1787889806.8229349,0.0015196800231933594,5,0,4,1787889806.8214152,base,agg_full@rho1.3,0,0.55,0.0,4,1.3,agg_full,1787889806.8214018,0,2048,,0,0,0,0,0,0,0,1,1,0.0012679696083068848,0;1;1;1,8,0,0,,,,0,3,,,,,,,,,,,,,,,,,,,,,,,,,,
5,upsert,3,L0017,2048,0,1787889806.8229778,0.0014407634735107422,6,0,5,1787889806.821537,base,agg_full@rho1.3,0,0.55,0.0,4,1.3,agg_full,1787889806.821529,0,2048,,0,0,0,0,0,0,0,1,2,0.0012679696083068848,0;1;1;0,8,0,0,,,,0,2,,,,,,,,,,,,,,,,,,,,,,,,,,
6,upsert,1,L0035,2048,0,1787889806.8230033,0.0014033317565917969,7,0,6,1787889806.8216,base,agg_full@rho1.3,0,0.55,0.0,4,1.3,agg_full,1787889806.8215952,0,2048,,0,0,0,0,0,0,0,1,3,0.0012679696083068848,0;0;1;0,8,0,0,,,,0,1,,,,,,,,,,,,,,,,,,,,,,,,,,
7,upsert,2,L0010,2560,0,1787889806.8230247,0.001373291015625,8,0,7,1787889806.8216515,base,agg_full@rho1.3,0,0.55,0.0,4,1.3,agg_full,1787889806.8216472,0,2560,,0,0,2048,0,2048,1,0,2,4,0.0012679696083068848,0;0;0;0,8,0,0,,,,0,0,,,,,,,,,,,,,,,,,,,,,,,,,,
8,upsert,0,L0021,2048,0,1787889808.6387012,0.0013959407806396484,9,0,8,1787889808.6373053,base,agg_full@rho1.3,0,0.55,0.0,4,1.3,agg_full,1787889808.6372933,0,2048,,0,0,0,0,0,0,0,1,1,0.0013511180877685547,0;2;1;0,13,0,0,,,,0,3,,,,,,,,,,,,,,,,,,,,,,,,,,
9,upsert,1,L0012,2048,0,1787889808.6387417,0.0013093948364257812,10,0,9,1787889808.6374323,base,agg_full@rho1.3,0,0.55,0.0,4,1.3,agg_full,1787889808.6374264,0,2048,,0,0,0,0,0,0,0,1,2,0.0013511180877685547,0;1;1;0,13,0,0,,,,0,2,,,,,,,,,,,,,,,,,,,,,,,,,,
11,upsert,1,L0053,2560,2048,1787889808.6387637,0.0012106895446777344,11,0,11,1787889808.637553,base,agg_full@rho1.3,0,0.55,0.0,4,1.3,agg_full,1787889808.6375475,2048,512,3.214702844619751,0,2048,2048,0,2048,1,0,2,4,0.0013511180877685547,0;0;0;0,13,0,0,,,,0,0,,,,,,,,,,,,,,,,,,,,,,,,,,
10,upsert,2,L0028,2048,0,1787889809.5320299,0.894533634185791,12,1,10,1787889808.6374962,base,agg_full@rho1.3,0,0.55,0.0,4,1.3,agg_full,1787889808.6374915,0,2048,,0,0,0,0,0,0,0,1,3,0.0013511180877685547,0;1;0;0,13,0,1,0,1,0,0,1,20,20,1.7856659889221191,,1,2,1,2,0,0,0,2048,2048,40.96,0.0,40.96,894.533634185791,-853.573634185791,391.943029,2080.0,1,1,1,40.96,40.96,40.96
12,upsert,1,L0002,2048,0,1787889815.251012,5.437663793563843,13,0,12,1787889809.8133483,base,agg_full@rho1.3,0,0.55,0.0,4,1.3,agg_full,1787889809.813336,0,2048,,0,0,0,0,0,0,0,1,1,0.07577155033747356,1;0;1;1,17,0,0,,,,0,3,,,,,,,,,,,,,,,,,,,,,,,,,,
14,upsert,2,L0000,2048,0,1787889816.325518,6.511974811553955,14,0,14,1787889809.813543,base,agg_full@rho1.3,0,0.55,0.0,4,1.3,agg_full,1787889809.8135383,0,2048,,0,0,0,0,0,0,0,1,3,0.07577155033747356,1;0;0;0,17,0,0,,,,0,1,,,,,,,,,,,,,,,,,,,,,,,,,,
13,upsert,3,L0006,2048,0,1787889816.3256025,6.512128829956055,15,0,13,1787889809.8134737,base,agg_full@rho1.3,0,0.55,0.0,4,1.3,agg_full,1787889809.8134675,0,2048,,0,0,0,0,0,0,0,1,2,0.07577155033747356,1;0;1;0,17,0,0,,,,0,2,,,,,,,,,,,,,,,,,,,,,,,,,,
15,upsert,0,L0036,2048,0,1787889816.3256447,6.512043237686157,16,0,15,1787889809.8136015,base,agg_full@rho1.3,0,0.55,0.0,4,1.3,agg_full,1787889809.813597,0,2048,,0,0,0,0,0,0,0,1,4,0.07577155033747356,0;0;0;0,17,0,0,,,,0,0,,,,,,,,,,,,,,,,,,,,,,,,,,
16,upsert,1,L0022,2048,0,1787889819.7469215,8.429856538772583,17,0,16,1787889811.317065,base,agg_full@rho1.3,0,0.55,0.0,4,1.3,agg_full,1787889811.3170521,0,2048,,0,0,0,0,0,0,0,1,5,0.07577155033747356,1;0;1;1,21,0,0,,,,0,3,,,,,,,,,,,,,,,,,,,,,,,,,,
17,upsert,0,L0061,2048,0,1787889819.7470436,8.429760932922363,18,0,17,1787889811.3172827,base,agg_full@rho1.3,0,0.55,0.0,4,1.3,agg_full,1787889811.3172758,0,2048,,0,0,0,0,0,0,0,1,6,0.07577155033747356,0;0;1;1,21,0,0,,,,0,2,,,,,,,,,,,,,,,,,,,,,,,,,,
18,upsert,3,L0000,2560,0,1787889819.747112,8.429699659347534,19,0,18,1787889811.3174124,base,agg_full@rho1.3,0,0.55,0.0,4,1.3,agg_full,1787889811.317407,0,2560,,0,0,0,0,0,0,0,2,7,0.07577155033747356,0;0;1;0,21,0,0,,,,0,1,,,,,,,,,,,,,,,,,,,,,,,,,,
19,upsert,2,L0002,2560,0,1787889822.209748,10.892199754714966,20,0,19,1787889811.3175483,base,agg_full@rho1.3,0,0.55,0.0,4,1.3,agg_full,1787889811.3175435,0,2560,,0,0,0,0,0,0,0,2,8,0.07577155033747356,0;0;0;0,21,0,0,,,,0,0,,,,,,,,,,,,,,,,,,,,,,,,,,
20,upsert,2,L0028,2560,2048,1787889822.2098684,8.987981081008911,21,0,20,1787889813.2218874,base,agg_full@rho1.3,0,0.55,0.0,4,1.3,agg_full,1787889813.2218604,2048,512,4.584368944168091,0,2048,2048,0,2048,1,0,2,9,0.07577155033747356,1;1;0;1,26,0,0,,,,0,3,,,,,,,,,,,,,,,,,,,,,,,,,,
22,upsert,0,L0003,2048,0,1787889822.2099292,8.98706841468811,22,0,22,1787889813.2228608,base,agg_full@rho1.3,0,0.55,0.0,4,1.3,agg_full,1787889813.222846,0,2048,,0,0,0,0,0,0,0,1,11,0.07577155033747356,0;1;0;0,26,0,0,,,,0,1,,,,,,,,,,,,,,,,,,,,,,,,,,
23,upsert,1,L0061,2560,0,1787889822.209981,8.98676586151123,23,0,23,1787889813.223215,base,agg_full@rho1.3,0,0.55,0.0,4,1.3,agg_full,1787889813.2232013,0,2560,,0,0,0,0,0,0,0,2,12,0.07577155033747356,0;0;0;0,26,0,0,,,,0,0,,,,,,,,,,,,,,,,,,,,,,,,,,
24,upsert,2,L0122,2048,0,1787889825.9618375,11.632518768310547,24,0,24,1787889814.3293188,base,agg_full@rho1.3,0,0.55,0.0,4,1.3,agg_full,1787889814.329289,0,2048,,0,0,0,0,0,0,0,1,13,0.07577155033747356,1;1;0;1,30,0,0,,,,0,3,,,,,,,,,,,,,,,,,,,,,,,,,,
25,upsert,0,L0106,2048,0,1787889825.9619458,11.632112503051758,25,0,25,1787889814.3298333,base,agg_full@rho1.3,0,0.55,0.0,4,1.3,agg_full,1787889814.3298159,0,2048,,0,0,0,0,0,0,0,1,14,0.07577155033747356,0;1;0;1,30,0,0,,,,0,2,,,,,,,,,,,,,,,,,,,,,,,,,,
26,upsert,1,L0069,2048,0,1787889825.962005,11.631789445877075,26,0,26,1787889814.3302155,base,agg_full@rho1.3,0,0.55,0.0,4,1.3,agg_full,1787889814.3302007,0,2048,,0,0,0,0,0,0,0,1,15,0.07577155033747356,0;0;0;1,30,0,0,,,,0,1,,,,,,,,,,,,,,,,,,,,,,,,,,
27,upsert,3,L0067,2048,0,1787889825.9620588,11.631503105163574,27,0,27,1787889814.3305557,base,agg_full@rho1.3,0,0.55,0.0,4,1.3,agg_full,1787889814.3305414,0,2048,,0,0,0,0,0,0,0,1,16,0.07577155033747356,0;0;0;0,30,0,0,,,,0,0,,,,,,,,,,,,,,,,,,,,,,,,,,
28,upsert,2,L0097,2048,0,1787889825.9621081,10.52808403968811,28,0,28,1787889815.434024,base,agg_full@rho1.3,0,0.55,0.0,4,1.3,agg_full,1787889815.4339983,0,2048,,0,0,0,0,0,0,0,1,16,0.488224799816425,1;1;0;1,34,0,0,,,,0,3,,,,,,,,,,,,,,,,,,,,,,,,,,
29,upsert,1,L0066,2048,0,1787889825.9621496,10.52760910987854,29,0,29,1787889815.4345405,base,agg_full@rho1.3,0,0.55,0.0,4,1.3,agg_full,1787889815.4345236,0,2048,,0,0,0,0,0,0,0,1,17,0.488224799816425,1;0;0;1,34,0,0,,,,0,2,,,,,,,,,,,,,,,,,,,,,,,,,,
30,upsert,0,L0091,2048,0,1787889825.9622066,10.527300834655762,30,0,30,1787889815.4349058,base,agg_full@rho1.3,0,0.55,0.0,4,1.3,agg_full,1787889815.434892,0,2048,,0,0,0,0,0,0,0,1,18,0.488224799816425,0;0;0;1,34,0,0,,,,0,1,,,,,,,,,,,,,,,,,,,,,,,,,,
31,upsert,3,L0090,2048,0,1787889825.9622347,10.526983737945557,31,0,31,1787889815.435251,base,agg_full@rho1.3,0,0.55,0.0,4,1.3,agg_full,1787889815.435238,0,2048,,0,0,0,0,0,0,0,1,19,0.488224799816425,0;0;0;0,34,0,0,,,,0,0,,,,,,,,,,,,,,,,,,,,,,,,,,
3,upsert,3,L0010,2048,0,1787889841.9011805,8.448607206344604,1,0,3,1787889833.4525733,base,agg_full@rho0.8,0,0.55,0.0,4,0.8,agg_full,1787889833.452564,0,2048,,0,0,0,0,0,0,0,1,4,,0;0;0;0,4,0,0,,,,0,0,,,,,,,,,,,,,,,,,,,,,,,,,,
7,upsert,2,L0010,2560,0,1787889842.5577872,7.678912162780762,2,0,7,1787889834.878875,base,agg_full@rho0.8,0,0.55,0.0,4,0.8,agg_full,1787889834.878866,0,2560,,0,0,0,0,0,0,0,2,8,,0;0;0;0,8,0,0,,,,0,0,,,,,,,,,,,,,,,,,,,,,,,,,,
11,upsert,3,L0053,2560,0,1787889842.5579252,6.21161675453186,3,0,11,1787889836.3463085,base,agg_full@rho0.8,0,0.55,0.0,4,0.8,agg_full,1787889836.3462982,0,2560,,0,0,0,0,0,0,0,2,12,,0;0;0;0,12,0,0,,,,0,0,,,,,,,,,,,,,,,,,,,,,,,,,,
18,upsert,1,L0000,2560,0,1787889843.8709376,4.879321813583374,4,0,18,1787889838.9916158,base,agg_full@rho0.8,0,0.55,0.0,4,0.8,agg_full,1787889838.9915984,2048,512,1.4630823135375977,0,0,0,0,0,0,0,2,19,,0;0;1;0,20,1,0,,,,0,1,,,,,,,,,,,,,,,,,,,,,,,,,,
19,upsert,2,L0002,2560,0,1787889843.8710346,4.879124641418457,5,0,19,1787889838.99191,base,agg_full@rho0.8,0,0.55,0.0,4,0.8,agg_full,1787889838.9918976,0,2560,,0,0,0,0,0,0,0,2,20,,0;0;0;0,20,0,0,,,,0,0,,,,,,,,,,,,,,,,,,,,,,,,,,
20,upsert,0,L0028,2560,0,1787889843.8710985,3.061868190765381,6,0,20,1787889840.8092303,base,agg_full@rho0.8,0,0.55,0.0,4,0.8,agg_full,1787889840.8091996,0,2560,,0,0,0,0,0,0,0,2,21,,0;1;1;1,24,0,0,,,,0,3,,,,,,,,,,,,,,,,,,,,,,,,,,
21,upsert,1,L0002,3072,0,1787889843.871145,3.0615122318267822,7,0,21,1787889840.8096328,base,agg_full@rho0.8,0,0.55,0.0,4,0.8,agg_full,1787889840.8096163,0,3072,,0,0,0,0,0,0,0,3,22,,0;0;1;1,24,0,0,,,,0,2,,,,,,,,,,,,,,,,,,,,,,,,,,
22,upsert,2,L0003,2048,0,1787889843.8712153,3.061248779296875,8,0,22,1787889840.8099666,base,agg_full@rho0.8,0,0.55,0.0,4,0.8,agg_full,1787889840.8099525,0,2048,,0,0,0,0,0,0,0,1,23,,0;0;0;1,24,0,0,,,,0,1,,,,,,,,,,,,,,,,,,,,,,,,,,
23,upsert,3,L0061,2560,0,1787889843.8712587,3.061018705368042,9,0,23,1787889840.81024,base,agg_full@rho0.8,0,0.55,0.0,4,0.8,agg_full,1787889840.8102226,2048,512,1.8189046382904053,0,0,0,0,0,0,0,2,24,,0;0;0;0,24,1,0,,,,0,0,,,,,,,,,,,,,,,,,,,,,,,,,,
24,upsert,0,L0122,2048,0,1787889846.8103857,4.895019292831421,10,0,24,1787889841.9153664,base,agg_full@rho0.8,0,0.55,0.0,4,0.8,agg_full,1787889841.9153407,0,2048,,0,0,0,0,0,0,0,1,24,8.448607206344604,0;1;1;1,28,0,0,,,,0,3,,,,,,,,,,,,,,,,,,,,,,,,,,
25,upsert,2,L0106,2048,0,1787889846.8105063,4.894719123840332,11,0,25,1787889841.9157872,base,agg_full@rho0.8,0,0.55,0.0,4,0.8,agg_full,1787889841.9157708,0,2048,,0,0,0,0,0,0,0,1,25,8.448607206344604,0;1;0;1,28,0,0,,,,0,2,,,,,,,,,,,,,,,,,,,,,,,,,,
26,upsert,1,L0069,2048,0,1787889846.8105712,4.894461631774902,12,0,26,1787889841.9161096,base,agg_full@rho0.8,0,0.55,0.0,4,0.8,agg_full,1787889841.916096,0,2048,,0,0,0,0,0,0,0,1,26,8.448607206344604,0;0;0;1,28,0,0,,,,0,1,,,,,,,,,,,,,,,,,,,,,,,,,,
27,upsert,3,L0067,2048,0,1787889846.8106277,4.894207715988159,13,0,27,1787889841.91642,base,agg_full@rho0.8,0,0.55,0.0,4,0.8,agg_full,1787889841.9164066,0,2048,,0,0,0,0,0,0,0,1,27,8.448607206344604,0;0;0;0,28,0,0,,,,0,0,,,,,,,,,,,,,,,,,,,,,,,,,,
28,upsert,0,L0097,2048,0,1787889849.4365864,6.260869026184082,14,0,28,1787889843.1757174,base,agg_full@rho0.8,0,0.55,0.0,4,0.8,agg_full,1787889843.1756883,0,2048,,0,0,0,0,0,0,0,1,26,7.446378707885742,0;1;1;1,32,0,0,,,,0,3,,,,,,,,,,,,,,,,,,,,,,,,,,
29,upsert,3,L0066,2048,0,1787889849.4366882,6.260466814041138,15,0,29,1787889843.1762214,base,agg_full@rho0.8,0,0.55,0.0,4,0.8,agg_full,1787889843.1762042,0,2048,,0,0,0,0,0,0,0,1,27,7.446378707885742,0;1;1;0,32,0,0,,,,0,2,,,,,,,,,,,,,,,,,,,,,,,,,,
30,upsert,1,L0091,2048,0,1787889849.436742,6.260171175003052,16,0,30,1787889843.176571,base,agg_full@rho0.8,0,0.55,0.0,4,0.8,agg_full,1787889843.1765566,0,2048,,0,0,0,0,0,0,0,1,28,7.446378707885742,0;0;1;0,32,0,0,,,,0,1,,,,,,,,,,,,,,,,,,,,,,,,,,
31,upsert,2,L0090,2048,0,1787889849.4367988,6.259908676147461,17,0,31,1787889843.1768901,base,agg_full@rho0.8,0,0.55,0.0,4,0.8,agg_full,1787889843.176876,0,2048,,0,0,0,0,0,0,0,1,29,7.446378707885742,0;0;0;0,32,0,0,,,,0,0,,,,,,,,,,,,,,,,,,,,,,,,,,
32,upsert,0,L0108,2048,0,1787889853.7900734,9.098979473114014,18,0,32,1787889844.691094,base,agg_full@rho0.8,0,0.55,0.0,4,0.8,agg_full,1787889844.691067,0,2048,,0,0,0,0,0,0,0,1,24,4.927025609546238,0;1;1;1,36,0,0,,,,0,3,,,,,,,,,,,,,,,,,,,,,,,,,,
33,upsert,1,L0105,2048,0,1787889853.7902143,9.098593711853027,19,0,33,1787889844.6916206,base,agg_full@rho0.8,0,0.55,0.0,4,0.8,agg_full,1787889844.6916018,0,2048,,0,0,0,0,0,0,0,1,25,4.927025609546238,0;0;1;1,36,0,0,,,,0,2,,,,,,,,,,,,,,,,,,,,,,,,,,
34,upsert,2,L0064,2048,0,1787889853.7902777,9.0982825756073,20,0,34,1787889844.6919951,base,agg_full@rho0.8,0,0.55,0.0,4,0.8,agg_full,1787889844.6919806,0,2048,,0,0,0,0,0,0,0,1,26,4.927025609546238,0;0;0;1,36,0,0,,,,0,1,,,,,,,,,,,,,,,,,,,,,,,,,,
35,upsert,3,L0097,2560,0,1787889853.7903314,9.097991704940796,21,0,35,1787889844.6923397,base,agg_full@rho0.8,0,0.55,0.0,4,0.8,agg_full,1787889844.6923263,0,2560,,0,0,0,0,0,0,0,2,27,4.927025609546238,0;0;0;0,36,0,0,,,,0,0,,,,,,,,,,,,,,,,,,,,,,,,,,
36,upsert,0,L0120,2048,0,1787889853.7903798,7.619661331176758,22,0,36,1787889846.1707184,base,agg_full@rho0.8,0,0.55,0.0,4,0.8,agg_full,1787889846.1706924,0,2048,,0,0,0,0,0,0,0,1,28,4.927025609546238,0;1;1;1,40,0,0,,,,0,3,,,,,,,,,,,,,,,,,,,,,,,,,,
37,upsert,2,L0069,2560,0,1787889853.7904246,7.619188070297241,23,0,37,1787889846.1712365,base,agg_full@rho0.8,0,0.55,0.0,4,0.8,agg_full,1787889846.1712174,0,2560,,0,0,0,0,0,0,0,2,29,4.927025609546238,0;1;0;1,40,0,0,,,,0,2,,,,,,,,,,,,,,,,,,,,,,,,,,
38,upsert,1,L0083,2048,0,1787889853.7904701,7.618832588195801,24,0,38,1787889846.1716375,base,agg_full@rho0.8,0,0.55,0.0,4,0.8,agg_full,1787889846.1716235,0,2048,,0,0,0,0,0,0,0,1,30,4.927025609546238,0;0;0;1,40,0,0,,,,0,1,,,,,,,,,,,,,,,,,,,,,,,,,,
39,upsert,3,L0076,2048,0,1787889858.2547119,12.08273983001709,25,0,39,1787889846.171972,base,agg_full@rho0.8,0,0.55,0.0,4,0.8,agg_full,1787889846.171959,0,2048,,0,0,0,0,0,0,0,1,31,4.927025609546238,0;0;0;0,40,0,0,,,,0,0,,,,,,,,,,,,,,,,,,,,,,,,,,
40,upsert,0,L0079,2048,0,1787889858.2548072,10.081847906112671,26,0,40,1787889848.1729593,base,agg_full@rho0.8,0,0.55,0.0,4,0.8,agg_full,1787889848.1729298,0,2048,,0,0,0,0,0,0,0,1,28,4.917049096180842,0;1;1;1,44,0,0,,,,0,3,,,,,,,,,,,,,,,,,,,,,,,,,,
41,upsert,3,L0064,2560,0,1787889858.254861,10.08134388923645,27,0,41,1787889848.1735172,base,agg_full@rho0.8,0,0.55,0.0,4,0.8,agg_full,1787889848.1734989,0,2560,,0,0,0,0,0,0,0,3,29,4.917049096180842,0;1;1;0,44,0,0,,,,0,2,,,,,,,,,,,,,,,,,,,,,,,,,,
43,upsert,2,L0065,2048,0,1787889858.2549107,10.080549478530884,28,0,43,1787889848.1743612,base,agg_full@rho0.8,0,0.55,0.0,4,0.8,agg_full,1787889848.1743467,0,2048,,0,0,0,0,0,0,0,1,31,4.917049096180842,0;0;0;0,44,0,0,,,,0,0,,,,,,,,,,,,,,,,,,,,,,,,,,
44,upsert,0,L0112,2048,0,1787889858.254952,9.00414228439331,29,0,44,1787889849.2508097,base,agg_full@rho0.8,0,0.55,0.0,4,0.8,agg_full,1787889849.2507813,0,2048,,0,0,0,0,0,0,0,1,32,4.917049096180842,0;1;1;1,48,0,0,,,,0,3,,,,,,,,,,,,,,,,,,,,,,,,,,
45,upsert,1,L0123,2048,0,1787889858.2549877,9.003667831420898,30,0,45,1787889849.25132,base,agg_full@rho0.8,0,0.55,0.0,4,0.8,agg_full,1787889849.2513027,0,2048,,0,0,0,0,0,0,0,1,33,4.917049096180842,0;0;1;1,48,0,0,,,,0,2,,,,,,,,,,,,,,,,,,,,,,,,,,
46,upsert,2,L0070,2048,0,1787889858.2550247,9.003342628479004,31,0,46,1787889849.251682,base,agg_full@rho0.8,0,0.55,0.0,4,0.8,agg_full,1787889849.251668,0,2048,,0,0,0,0,0,0,0,1,34,4.917049096180842,0;0;0;1,48,0,0,,,,0,1,,,,,,,,,,,,,,,,,,,,,,,,,,
47,upsert,3,L0064,2048,2560,1787889858.2550635,9.00304365158081,32,0,47,1787889849.25202,base,agg_full@rho0.8,0,0.55,0.0,4,0.8,agg_full,1787889849.2520025,2560,-512,1.0785036087036133,0,0,0,0,0,0,0,4,35,4.917049096180842,0;0;0;0,48,1,0,,,,0,0,,,,,,,,,,,,,,,,,,,,,,,,,,
