update_seq,update_kind,instance,digest,coverage_after,pre_delivery_visible_cov,delivered_at_unix,signaling_delay_s,writer_seq,future_use_count,seq,t_send_unix,point_id,cell_id,rep,zipf_alpha,overlap,concurrency,rho,policy,send_ts_unix,coverage_before_source,source_coverage_delta,update_age_s,advertised_before,dispatcher_visible_before,best_visible_cov,second_visible_cov,visible_cov_gap,replica_visible_count,source_best_cov,digest_req_count_recent,in_flight_frames,ewma_delivery_delay_s,dispatcher_loads,dispatcher_rr,supersedes_in_flight,use_index,use_request_id,use_dispatch_time_unix,use_discard,superseded_before_use,decision_without_update,decision_with_update,decision_flip,native_instance_without,selected_instance_without,selected_instance_with,selected_load_without,selected_load_with,reusable_coverage_without,reusable_coverage_with,reusable_coverage_gain,estimated_prefill_gain_ms,estimated_queue_delta_ms,estimated_net_gain_ms,signaling_cost_ms,oracle_value_ms,oracle_value_net_of_cost_ms,realized_ttft_ms,realized_cached_tokens,world1_expected_net_ms
2,upsert,2,L0014,2048,0,1787900174.3312082,0.0022258758544921875,3,1,2,1787900174.3289824,conc2,agg_full@rho0.8,0,0.55,0.0,2,0.8,agg_full,1787900174.32896,0,2048,,0,0,0,0,0,0,0,1,1,0.0018159151077270508,1;0;0;0,4,0,1,57,1787900253.1920183,,1,2,2,0,,2,2,0,0,0,0,0,0.0,0.0,0.0,2.2258758544921875,0.0,-2.2258758544921875,1505.952629,2608.0,51.2
3,upsert,0,L0023,2048,0,1787900174.3313177,0.002074003219604492,4,3,3,1787900174.3292437,conc2,agg_full@rho0.8,0,0.55,0.0,2,0.8,agg_full,1787900174.329228,0,2048,,0,0,0,0,0,0,0,1,2,0.0018159151077270508,0;0;0;0,4,0,1,35,1787900219.474899,,1,0,0,0,,0,0,0,0,0,0,0,0.0,0.0,0.0,2.074003219604492,0.0,-2.074003219604492,1356.443615,2608.0,51.2
3,upsert,0,L0023,2048,0,1787900174.3313177,0.002074003219604492,4,3,3,1787900174.3292437,conc2,agg_full@rho0.8,0,0.55,0.0,2,0.8,agg_full,1787900174.329228,0,2048,,0,0,0,0,0,0,0,1,2,0.0018159151077270508,0;0;0;0,4,0,2,46,1787900238.532496,,1,0,0,0,,0,0,0,0,0,0,0,0.0,0.0,0.0,2.074003219604492,0.0,-2.074003219604492,306.908837,2080.0,51.2
3,upsert,0,L0023,2048,0,1787900174.3313177,0.002074003219604492,4,3,3,1787900174.3292437,conc2,agg_full@rho0.8,0,0.55,0.0,2,0.8,agg_full,1787900174.329228,0,2048,,0,0,0,0,0,0,0,1,2,0.0018159151077270508,0;0;0;0,4,0,3,63,1787900262.7246475,,1,0,0,0,,0,0,1,1,0,0,0,0.0,0.0,0.0,2.074003219604492,0.0,-2.074003219604492,2498.305176,2608.0,59.44
4,upsert,0,L0000,2048,0,1787900178.534955,0.002173185348510742,5,2,4,1787900178.5327818,conc2,agg_full@rho0.8,0,0.55,0.0,2,0.8,agg_full,1787900178.532758,0,2048,,0,0,0,0,0,0,0,2,1,0.0019829273223876953,0;0;0;1,6,0,1,42,1787900231.7751145,,0,3,3,0,0,3,3,0,0,1024,1024,0,0.0,0.0,0.0,2.173185348510742,0.0,-2.173185348510742,285.243322,2080.0,20.48
4,upsert,0,L0000,2048,0,1787900178.534955,0.002173185348510742,5,2,4,1787900178.5327818,conc2,agg_full@rho0.8,0,0.55,0.0,2,0.8,agg_full,1787900178.532758,0,2048,,0,0,0,0,0,0,0,2,1,0.0019829273223876953,0;0;0;1,6,0,2,60,1787900258.97251,,0,3,3,0,1,3,3,0,0,3072,3072,0,0.0,0.0,0.0,2.173185348510742,0.0,-2.173185348510742,301.751779,2608.0,61.44
5,upsert,3,L0000,2560,0,1787900178.5350645,0.002029895782470703,6,2,5,1787900178.5330346,conc2,agg_full@rho0.8,0,0.55,0.0,2,0.8,agg_full,1787900178.5330193,0,2560,,0,0,0,0,0,0,0,2,2,0.0019829273223876953,0;0;0;0,6,0,1,42,1787900231.7751145,,1,3,3,0,,3,3,0,0,0,0,0,0.0,0.0,0.0,2.029895782470703,0.0,-2.029895782470703,285.243322,2080.0,20.48
5,upsert,3,L0000,2560,0,1787900178.5350645,0.002029895782470703,6,2,5,1787900178.5330346,conc2,agg_full@rho0.8,0,0.55,0.0,2,0.8,agg_full,1787900178.5330193,0,2560,,0,0,0,0,0,0,0,2,2,0.0019829273223876953,0;0;0;0,6,0,2,60,1787900258.97251,,1,3,3,0,,3,3,0,0,0,0,0,0.0,0.0,0.0,2.029895782470703,0.0,-2.029895782470703,301.751779,2608.0,61.44
7,upsert,1,L0028,2048,0,1787900181.468858,0.0018320083618164062,8,1,7,1787900181.467026,conc2,agg_full@rho0.8,0,0.55,0.0,2,0.8,agg_full,1787900181.4670107,0,2048,,0,0,0,0,0,0,0,1,2,0.0020224650700887046,0;0;0;0,8,0,1,55,1787900250.7006717,,0,1,1,0,1,1,1,0,0,0,0,0,0.0,0.0,0.0,1.8320083618164062,0.0,-1.8320083618164062,1237.846022,2080.0,0.0
11,upsert,3,L0000,3072,2560,1787900186.9582176,0.001795053482055664,12,2,11,1787900186.9564226,conc2,agg_full@rho0.8,0,0.55,0.0,2,0.8,agg_full,1787900186.956414,2560,512,8.423394680023193,0,2560,2560,2048,512,2,0,3,2,0.002052021026611328,0;0;0;0,13,0,1,42,1787900231.7751145,,1,3,3,0,,3,3,0,0,0,0,0,0.0,0.0,0.0,1.795053482055664,0.0,-1.795053482055664,285.243322,2080.0,20.48
11,upsert,3,L0000,3072,2560,1787900186.9582176,0.001795053482055664,12,2,11,1787900186.9564226,conc2,agg_full@rho0.8,0,0.55,0.0,2,0.8,agg_full,1787900186.956414,2560,512,8.423394680023193,0,2560,2560,2048,512,2,0,3,2,0.002052021026611328,0;0;0;0,13,0,2,60,1787900258.97251,,1,3,3,0,,3,3,0,0,0,0,0,0.0,0.0,0.0,1.795053482055664,0.0,-1.795053482055664,301.751779,2608.0,61.44
14,upsert,3,L0058,2048,0,1787900205.2485151,12.206974744796753,15,1,14,1787900193.0415404,conc2,agg_full@rho0.8,0,0.55,0.0,2,0.8,agg_full,1787900193.041527,0,2048,,0,0,0,0,0,0,0,1,3,0.0020113587379455566,0;1;0;0,17,0,1,38,1787900225.4956563,,0,3,3,0,3,3,3,0,0,0,0,0,0.0,0.0,0.0,12206.974744796753,0.0,-12206.974744796753,1336.634637,2080.0,0.0
15,upsert,1,L0034,2048,0,1787900205.2485876,12.206908464431763,16,1,15,1787900193.0416791,conc2,agg_full@rho0.8,0,0.55,0.0,2,0.8,agg_full,1787900193.0416725,0,2048,,0,0,0,0,0,0,0,1,4,0.0020113587379455566,0;0;0;0,17,0,1,50,1787900243.369574,,0,3,1,1,3,3,1,0,0,0,2048,2048,40.96,0.0,40.96,12206.908464431763,40.96,-12165.948464431764,1358.174123,2080.0,40.96
16,upsert,0,L0023,2560,2048,1787900205.2486274,10.462673425674438,17,3,16,1787900194.785954,conc2,agg_full@rho0.8,0,0.55,0.0,2,0.8,agg_full,1787900194.7859278,2048,512,20.45669984817505,0,2048,2048,0,2048,1,0,2,5,0.0020113587379455566,0;0;0;1,21,0,1,35,1787900219.474899,,0,0,0,0,1,0,0,0,0,2048,2560,512,10.24,0.0,10.24,10462.673425674438,10.24,-10452.433425674439,1356.443615,2608.0,51.2
16,upsert,0,L0023,2560,2048,1787900205.2486274,10.462673425674438,17,3,16,1787900194.785954,conc2,agg_full@rho0.8,0,0.55,0.0,2,0.8,agg_full,1787900194.7859278,2048,512,20.45669984817505,0,2048,2048,0,2048,1,0,2,5,0.0020113587379455566,0;0;0;1,21,0,2,46,1787900238.532496,,0,0,0,0,1,0,0,0,0,2048,2560,512,10.24,0.0,10.24,10462.673425674438,10.24,-10452.433425674439,306.908837,2080.0,51.2
16,upsert,0,L0023,2560,2048,1787900205.2486274,10.462673425674438,17,3,16,1787900194.785954,conc2,agg_full@rho0.8,0,0.55,0.0,2,0.8,agg_full,1787900194.7859278,2048,512,20.45669984817505,0,2048,2048,0,2048,1,0,2,5,0.0020113587379455566,0;0;0;1,21,0,3,63,1787900262.7246475,,1,0,0,0,,0,0,1,1,0,0,0,0.0,0.0,0.0,10462.673425674438,0.0,-10462.673425674438,2498.305176,2608.0,59.44
17,upsert,3,L0000,2048,3072,1787900217.674088,22.887824773788452,18,2,17,1787900194.7862632,conc2,agg_full@rho0.8,0,0.55,0.0,2,0.8,agg_full,1787900194.7862456,3072,-1024,7.829831600189209,0,3072,3072,2048,1024,2,0,4,6,0.0020113587379455566,0;0;0;0,21,0,1,42,1787900231.7751145,,1,3,3,0,,3,3,0,0,0,0,0,0.0,0.0,0.0,22887.824773788452,0.0,-22887.824773788452,285.243322,2080.0,20.48
17,upsert,3,L0000,2048,3072,1787900217.674088,22.887824773788452,18,2,17,1787900194.7862632,conc2,agg_full@rho0.8,0,0.55,0.0,2,0.8,agg_full,1787900194.7862456,3072,-1024,7.829831600189209,0,3072,3072,2048,1024,2,0,4,6,0.0020113587379455566,0;0;0;0,21,0,2,60,1787900258.97251,,1,3,3,0,,3,3,0,0,0,0,0,0.0,0.0,0.0,22887.824773788452,0.0,-22887.824773788452,301.751779,2608.0,61.44
18,upsert,3,L0000,2560,2048,1787900217.6742082,19.91839838027954,19,2,18,1787900197.7558098,conc2,agg_full@rho0.8,0,0.55,0.0,2,0.8,agg_full,1787900197.7557833,2048,512,2.9695377349853516,0,3072,3072,2048,1024,2,0,5,6,0.5269213823171762,0;0;1;0,24,1,1,42,1787900231.7751145,,1,3,3,0,,3,3,0,0,0,0,0,0.0,0.0,0.0,19918.39838027954,0.0,-19918.39838027954,285.243322,2080.0,20.48
18,upsert,3,L0000,2560,2048,1787900217.6742082,19.91839838027954,19,2,18,1787900197.7558098,conc2,agg_full@rho0.8,0,0.55,0.0,2,0.8,agg_full,1787900197.7557833,2048,512,2.9695377349853516,0,3072,3072,2048,1024,2,0,5,6,0.5269213823171762,0;0;1;0,24,1,2,60,1787900258.97251,,1,3,3,0,,3,3,0,0,0,0,0,0.0,0.0,0.0,19918.39838027954,0.0,-19918.39838027954,301.751779,2608.0,61.44
19,upsert,2,L0046,2048,0,1787900217.6742692,19.918179273605347,20,1,19,1787900197.75609,conc2,agg_full@rho0.8,0,0.55,0.0,2,0.8,agg_full,1787900197.756074,0,2048,,0,0,0,0,0,0,0,1,7,0.5269213823171762,0;0;0;0,24,0,1,58,1787900256.0075927,,0,2,2,0,2,2,2,0,0,0,0,0,0.0,0.0,0.0,19918.179273605347,0.0,-19918.179273605347,1282.369753,2080.0,0.0
22,upsert,3,L0000,3072,2560,1787900225.3763323,22.065911054611206,23,2,22,1787900203.3104212,conc2,agg_full@rho0.8,0,0.55,0.0,2,0.8,agg_full,1787900203.310399,2560,512,5.55461573600769,0,3072,3072,2048,1024,2,0,6,9,1.1743959869657243,0;0;1;0,30,1,1,42,1787900231.7751145,,0,3,3,0,0,3,3,0,0,512,1024,512,10.24,0.0,10.24,22065.911054611206,10.24,-22055.671054611204,285.243322,2080.0,20.48
22,upsert,3,L0000,3072,2560,1787900225.3763323,22.065911054611206,23,2,22,1787900203.3104212,conc2,agg_full@rho0.8,0,0.55,0.0,2,0.8,agg_full,1787900203.310399,2560,512,5.55461573600769,0,3072,3072,2048,1024,2,0,6,9,1.1743959869657243,0;0;1;0,30,1,2,60,1787900258.97251,,0,3,3,0,1,3,3,0,0,2560,3072,512,10.24,0.0,10.24,22065.911054611206,10.24,-22055.671054611204,301.751779,2608.0,61.44
24,upsert,2,L0014,2560,2048,1787900236.440108,31.27835702896118,25,1,24,1787900205.161751,conc2,agg_full@rho0.8,0,0.55,0.0,2,0.8,agg_full,1787900205.161729,2048,512,30.83276915550232,0,2048,2048,0,2048,1,0,2,11,1.1743959869657243,0;0;0;1,33,0,1,57,1787900253.1920183,,0,2,2,0,0,2,2,0,0,2048,2560,512,10.24,0.0,10.24,31278.35702896118,10.24,-31268.11702896118,1505.952629,2608.0,51.2
29,upsert,2,L0010,2048,0,1787900236.440366,23.377429008483887,30,1,29,1787900213.062937,conc2,agg_full@rho0.8,0,0.55,0.0,2,0.8,agg_full,1787900213.062921,0,2048,,0,0,0,0,0,0,0,1,13,3.0187117913190056,0;0;0;0,38,0,1,48,1787900241.4402232,,0,0,2,1,0,0,2,0,0,0,2048,2048,40.96,0.0,40.96,23377.429008483887,40.96,-23336.469008483888,1416.945215,2080.0,40.96
35,upsert,0,L0023,3072,2560,1787900253.84456,31.707279920578003,36,1,35,1787900222.13728,conc2,agg_full@rho0.8,0,0.55,0.0,2,0.8,agg_full,1787900222.13726,2560,512,27.351332187652588,0,2560,2560,0,2560,1,0,3,16,5.702125144004822,0;0;0;0,45,0,1,63,1787900262.7246475,,0,0,0,0,1,0,0,1,1,2560,3072,512,10.24,0.0,10.24,31707.279920578003,10.24,-31697.039920578,2498.305176,2608.0,59.44
2,upsert,2,L0014,2048,0,1787900392.377069,0.0022268295288085938,3,1,2,1787900392.3748422,conc2,agg_static@rho0.8,0,0.55,0.0,2,0.8,agg_static,1787900392.3748186,0,2048,,0,0,0,0,0,0,0,1,1,0.0017806291580200195,1;0;0;0,4,0,1,57,1787900467.6420891,,1,2,2,0,,2,2,0,0,0,0,0,0.0,0.0,0.0,2.2268295288085938,0.0,-2.2268295288085938,1423.090347,2608.0,51.2
3,upsert,0,L0023,2048,0,1787900392.3771956,0.0021071434020996094,4,3,3,1787900392.3750885,conc2,agg_static@rho0.8,0,0.55,0.0,2,0.8,agg_static,1787900392.3750732,0,2048,,0,0,0,0,0,0,0,1,2,0.0017806291580200195,0;0;0;0,4,0,1,35,1787900434.2216103,,1,0,0,0,,0,0,0,0,0,0,0,0.0,0.0,0.0,2.1071434020996094,0.0,-2.1071434020996094,1242.046442,2608.0,51.2
3,upsert,0,L0023,2048,0,1787900392.3771956,0.0021071434020996094,4,3,3,1787900392.3750885,conc2,agg_static@rho0.8,0,0.55,0.0,2,0.8,agg_static,1787900392.3750732,0,2048,,0,0,0,0,0,0,0,1,2,0.0017806291580200195,0;0;0;0,4,0,2,46,1787900453.858745,,1,0,0,0,,0,0,0,0,0,0,0,0.0,0.0,0.0,2.1071434020996094,0.0,-2.1071434020996094,282.420166,2080.0,51.2
3,upsert,0,L0023,2048,0,1787900392.3771956,0.0021071434020996094,4,3,3,1787900392.3750885,conc2,agg_static@rho0.8,0,0.55,0.0,2,0.8,agg_static,1787900392.3750732,0,2048,,0,0,0,0,0,0,0,1,2,0.0017806291580200195,0;0;0;0,4,0,3,63,1787900475.2744699,,1,0,0,0,,0,0,0,0,0,0,0,0.0,0.0,0.0,2.1071434020996094,0.0,-2.1071434020996094,349.504973,2608.0,61.44
4,upsert,0,L0000,2048,0,1787900395.6179087,0.002153158187866211,5,2,4,1787900395.6157556,conc2,agg_static@rho0.8,0,0.55,0.0,2,0.8,agg_static,1787900395.6157317,0,2048,,0,0,0,0,0,0,0,2,1,0.0019738078117370605,0;0;0;1,6,0,1,42,1787900447.0319893,,0,3,3,0,0,3,3,0,0,1024,1024,0,0.0,0.0,0.0,2.153158187866211,0.0,-2.153158187866211,260.809862,2080.0,20.48
4,upsert,0,L0000,2048,0,1787900395.6179087,0.002153158187866211,5,2,4,1787900395.6157556,conc2,agg_static@rho0.8,0,0.55,0.0,2,0.8,agg_static,1787900395.6157317,0,2048,,0,0,0,0,0,0,0,2,1,0.0019738078117370605,0;0;0;1,6,0,2,60,1787900473.7289577,,0,3,3,0,1,3,3,0,0,3072,3072,0,0.0,0.0,0.0,2.153158187866211,0.0,-2.153158187866211,315.045239,2608.0,61.44
5,upsert,3,L0000,2560,0,1787900395.6180162,0.002003908157348633,6,2,5,1787900395.6160123,conc2,agg_static@rho0.8,0,0.55,0.0,2,0.8,agg_static,1787900395.6159968,0,2560,,0,0,0,0,0,0,0,2,2,0.0019738078117370605,0;0;0;0,6,0,1,42,1787900447.0319893,,1,3,3,0,,3,3,0,0,0,0,0,0.0,0.0,0.0,2.003908157348633,0.0,-2.003908157348633,260.809862,2080.0,20.48
5,upsert,3,L0000,2560,0,1787900395.6180162,0.002003908157348633,6,2,5,1787900395.6160123,conc2,agg_static@rho0.8,0,0.55,0.0,2,0.8,agg_static,1787900395.6159968,0,2560,,0,0,0,0,0,0,0,2,2,0.0019738078117370605,0;0;0;0,6,0,2,60,1787900473.7289577,,1,3,3,0,,3,3,0,0,0,0,0,0.0,0.0,0.0,2.003908157348633,0.0,-2.003908157348633,315.045239,2608.0,61.44
7,upsert,1,L0028,2048,0,1787900398.6977274,0.0018265247344970703,8,1,7,1787900398.695901,conc2,agg_static@rho0.8,0,0.55,0.0,2,0.8,agg_static,1787900398.6958866,0,2048,,0,0,0,0,0,0,0,1,2,0.002008716265360514,0;0;0;0,8,0,1,55,1787900465.1392388,,0,1,1,0,1,1,1,0,0,0,0,0,0.0,0.0,0.0,1.8265247344970703,0.0,-1.8265247344970703,1250.091942,2080.0,0.0
11,upsert,3,L0000,3072,2560,1787900404.1496437,0.0018105506896972656,12,2,11,1787900404.147833,conc2,agg_static@rho0.8,0,0.55,0.0,2,0.8,agg_static,1787900404.147814,2560,512,8.531817197799683,0,2560,2560,2048,512,2,0,3,2,0.0020435810089111327,0;0;0;0,13,0,1,42,1787900447.0319893,,1,3,3,0,,3,3,0,0,0,0,0,0.0,0.0,0.0,1.8105506896972656,0.0,-1.8105506896972656,260.809862,2080.0,20.48
11,upsert,3,L0000,3072,2560,1787900404.1496437,0.0018105506896972656,12,2,11,1787900404.147833,conc2,agg_static@rho0.8,0,0.55,0.0,2,0.8,agg_static,1787900404.147814,2560,512,8.531817197799683,0,2560,2560,2048,512,2,0,3,2,0.0020435810089111327,0;0;0;0,13,0,2,60,1787900473.7289577,,1,3,3,0,,3,3,0,0,0,0,0,0.0,0.0,0.0,1.8105506896972656,0.0,-1.8105506896972656,315.045239,2608.0,61.44
14,upsert,3,L0058,2048,0,1787900423.6018543,13.755593061447144,15,1,14,1787900409.8462613,conc2,agg_static@rho0.8,0,0.55,0.0,2,0.8,agg_static,1787900409.8462384,0,2048,,0,0,0,0,0,0,0,1,3,0.0020192662874857583,0;1;0;0,17,0,1,38,1787900440.356869,,0,3,3,0,3,3,3,0,0,0,0,0,0.0,0.0,0.0,13755.593061447144,0.0,-13755.593061447144,1259.160043,2080.0,0.0
15,upsert,1,L0034,2048,0,1787900423.6019301,13.755395650863647,16,1,15,1787900409.8465345,conc2,agg_static@rho0.8,0,0.55,0.0,2,0.8,agg_static,1787900409.8465192,0,2048,,0,0,0,0,0,0,0,1,4,0.0020192662874857583,0;0;0;0,17,0,1,50,1787900458.1049,,0,3,1,1,3,3,1,0,0,0,2048,2048,40.96,0.0,40.96,13755.395650863647,40.96,-13714.435650863648,1290.974817,2080.0,40.96
16,upsert,0,L0023,2560,2048,1787900423.6019702,12.139230489730835,17,3,16,1787900411.4627397,conc2,agg_static@rho0.8,0,0.55,0.0,2,0.8,agg_static,1787900411.462712,2048,512,19.08763885498047,0,2048,2048,0,2048,1,0,2,5,0.0020192662874857583,0;0;0;1,21,0,1,35,1787900434.2216103,,0,0,0,0,1,0,0,0,0,2048,2560,512,10.24,0.0,10.24,12139.230489730835,10.24,-12128.990489730835,1242.046442,2608.0,51.2
16,upsert,0,L0023,2560,2048,1787900423.6019702,12.139230489730835,17,3,16,1787900411.4627397,conc2,agg_static@rho0.8,0,0.55,0.0,2,0.8,agg_static,1787900411.462712,2048,512,19.08763885498047,0,2048,2048,0,2048,1,0,2,5,0.0020192662874857583,0;0;0;1,21,0,2,46,1787900453.858745,,0,0,0,0,1,0,0,0,0,2048,2560,512,10.24,0.0,10.24,12139.230489730835,10.24,-12128.990489730835,282.420166,2080.0,51.2
16,upsert,0,L0023,2560,2048,1787900423.6019702,12.139230489730835,17,3,16,1787900411.4627397,conc2,agg_static@rho0.8,0,0.55,0.0,2,0.8,agg_static,1787900411.462712,2048,512,19.08763885498047,0,2048,2048,0,2048,1,0,2,5,0.0020192662874857583,0;0;0;1,21,0,3,63,1787900475.2744699,,1,0,0,0,,0,0,0,0,0,0,0,0.0,0.0,0.0,12139.230489730835,0.0,-12139.230489730835,349.504973,2608.0,61.44
17,upsert,3,L0000,2048,3072,1787900436.0273728,24.56435513496399,18,2,17,1787900411.4630177,conc2,agg_static@rho0.8,0,0.55,0.0,2,0.8,agg_static,1787900411.463,3072,-1024,7.315186023712158,0,3072,3072,2048,1024,2,0,4,6,0.0020192662874857583,0;0;0;0,21,0,1,42,1787900447.0319893,,1,3,3,0,,3,3,0,0,0,0,0,0.0,0.0,0.0,24564.35513496399,0.0,-24564.35513496399,260.809862,2080.0,20.48
17,upsert,3,L0000,2048,3072,1787900436.0273728,24.56435513496399,18,2,17,1787900411.4630177,conc2,agg_static@rho0.8,0,0.55,0.0,2,0.8,agg_static,1787900411.463,3072,-1024,7.315186023712158,0,3072,3072,2048,1024,2,0,4,6,0.0020192662874857583,0;0;0;0,21,0,2,60,1787900473.7289577,,1,3,3,0,,3,3,0,0,0,0,0,0.0,0.0,0.0,24564.35513496399,0.0,-24564.35513496399,315.045239,2608.0,61.44
18,upsert,3,L0000,2560,2048,1787900436.027481,21.722584009170532,19,2,18,1787900414.304897,conc2,agg_static@rho0.8,0,0.55,0.0,2,0.8,agg_static,1787900414.304871,2048,512,2.8418710231781006,0,3072,3072,2048,1024,2,0,5,7,0.0020192662874857583,0;0;1;0,24,1,1,42,1787900447.0319893,,1,3,3,0,,3,3,0,0,0,0,0,0.0,0.0,0.0,21722.584009170532,0.0,-21722.584009170532,260.809862,2080.0,20.48
18,upsert,3,L0000,2560,2048,1787900436.027481,21.722584009170532,19,2,18,1787900414.304897,conc2,agg_static@rho0.8,0,0.55,0.0,2,0.8,agg_static,1787900414.304871,2048,512,2.8418710231781006,0,3072,3072,2048,1024,2,0,5,7,0.0020192662874857583,0;0;1;0,24,1,2,60,1787900473.7289577,,1,3,3,0,,3,3,0,0,0,0,0,0.0,0.0,0.0,21722.584009170532,0.0,-21722.584009170532,315.045239,2608.0,61.44
19,upsert,2,L0046,2048,0,1787900436.0275428,21.722350597381592,20,1,19,1787900414.3051922,conc2,agg_static@rho0.8,0,0.55,0.0,2,0.8,agg_static,1787900414.305149,0,2048,,0,0,0,0,0,0,0,1,8,0.0020192662874857583,0;0;0;0,24,0,1,58,1787900470.6519861,,0,2,2,0,2,2,2,0,0,0,0,0,0.0,0.0,0.0,21722.35059738159,0.0,-21722.35059738159,1169.144745,2080.0,0.0
22,upsert,3,L0000,3072,2560,1787900444.2827659,25.264268159866333,23,2,22,1787900419.0184977,conc2,agg_static@rho0.8,0,0.55,0.0,2,0.8,agg_static,1787900419.018475,2560,512,4.713603973388672,0,3072,3072,2048,1024,2,0,6,9,1.3572946616581507,0;0;1;0,30,1,1,42,1787900447.0319893,,0,3,3,0,0,3,3,0,0,512,1024,512,10.24,0.0,10.24,25264.268159866333,10.24,-25254.02815986633,260.809862,2080.0,20.48
22,upsert,3,L0000,3072,2560,1787900444.2827659,25.264268159866333,23,2,22,1787900419.0184977,conc2,agg_static@rho0.8,0,0.55,0.0,2,0.8,agg_static,1787900419.018475,2560,512,4.713603973388672,0,3072,3072,2048,1024,2,0,6,9,1.3572946616581507,0;0;1;0,30,1,2,60,1787900473.7289577,,0,3,3,0,1,3,3,0,0,2560,3072,512,10.24,0.0,10.24,25264.268159866333,10.24,-25254.02815986633,315.045239,2608.0,61.44
24,upsert,2,L0014,2560,2048,1787900444.2828898,23.698018312454224,25,1,24,1787900420.5848715,conc2,agg_static@rho0.8,0,0.55,0.0,2,0.8,agg_static,1787900420.5848484,2048,512,28.21002984046936,0,2048,2048,0,2048,1,0,2,11,1.3572946616581507,0;0;0;1,33,0,1,57,1787900467.6420891,,0,2,2,0,0,2,2,0,0,2048,2560,512,10.24,0.0,10.24,23698.018312454224,10.24,-23687.778312454222,1423.090347,2608.0,51.2
29,upsert,2,L0010,2048,0,1787900453.9425302,25.793275594711304,30,1,29,1787900428.1492546,conc2,agg_static@rho0.8,0,0.55,0.0,2,0.8,agg_static,1787900428.1492386,0,2048,,0,0,0,0,0,0,0,1,13,3.450137909720926,0;0;0;0,38,0,1,48,1787900456.3308625,,0,0,2,1,0,0,2,0,0,0,2048,2048,40.96,0.0,40.96,25793.275594711304,40.96,-25752.315594711305,1300.367276,2080.0,40.96
35,upsert,0,L0023,3072,2560,1787900471.3042278,34.09195375442505,36,1,35,1787900437.212274,conc2,agg_static@rho0.8,0,0.55,0.0,2,0.8,agg_static,1787900437.2122543,2560,512,25.749542236328125,0,2560,2560,0,2560,1,0,3,15,6.943849211647397,0;0;0;0,45,0,1,63,1787900475.2744699,,0,0,0,0,2,0,0,0,0,2560,3072,512,10.24,0.0,10.24,34091.95375442505,10.24,-34081.71375442505,349.504973,2608.0,61.44
37,upsert,2,L0056,2048,0,1787900471.3043253,30.9478919506073,38,1,37,1787900440.3564334,conc2,agg_static@rho0.8,0,0.55,0.0,2,0.8,agg_static,1787900440.356416,0,2048,,0,0,0,0,0,0,0,1,17,6.943849211647397,0;0;0;0,47,0,1,61,1787900473.7290206,,0,1,2,1,1,1,2,0,0,0,2048,2048,40.96,0.0,40.96,30947.8919506073,40.96,-30906.9319506073,1098.444238,2080.0,40.96
65,upsert,2,L0072,2048,0,1787900532.1557379,51.292219161987305,66,1,65,1787900480.8635187,conc2,agg_static@rho0.8,0,0.55,0.0,2,0.8,agg_static,1787900480.8635027,0,2048,,0,0,0,0,0,0,0,1,28,19.944937951862812,0;0;0;0,86,0,1,124,1787900578.4625063,,0,3,2,1,3,3,2,0,0,0,2048,2048,40.96,0.0,40.96,51292.219161987305,40.96,-51251.259161987306,2573.109866,2080.0,40.96
75,upsert,3,L0094,2048,0,1787900565.6872246,69.85299158096313,76,1,75,1787900495.834233,conc2,agg_static@rho0.8,0,0.55,0.0,2,0.8,agg_static,1787900495.8342154,0,2048,,0,0,0,0,0,0,0,1,30,29.22238940000534,0;0;0;0,96,0,1,120,1787900571.380786,,0,2,3,1,2,2,3,0,0,0,2048,2048,40.96,0.0,40.96,69852.99158096313,40.96,-69812.03158096313,2811.624763,2080.0,40.96
76,upsert,0,L0075,2048,0,1787900565.687267,66.9762556552887,77,1,76,1787900498.7110114,conc2,agg_static@rho0.8,0,0.55,0.0,2,0.8,agg_static,1787900498.7109816,0,2048,,0,0,0,0,0,0,0,1,31,29.22238940000534,0;0;1;0,98,0,1,126,1787900582.049586,,0,3,0,1,3,3,0,0,0,0,2048,2048,40.96,0.0,40.96,66976.2556552887,40.96,-66935.29565528869,2644.992959,2080.0,40.96
77,upsert,2,L0069,2048,0,1787900565.68731,66.97572708129883,78,2,77,1787900498.711583,conc2,agg_static@rho0.8,0,0.55,0.0,2,0.8,agg_static,1787900498.7115636,0,2048,,0,0,0,0,0,0,0,1,32,29.22238940000534,0;0;0;0,98,0,1,119,1787900568.5890496,,0,2,2,0,2,2,2,0,0,0,0,0,0.0,0.0,0.0,66975.72708129883,0.0,-66975.72708129883,1587.519522,2608.0,0.0
77,upsert,2,L0069,2048,0,1787900565.68731,66.97572708129883,78,2,77,1787900498.711583,conc2,agg_static@rho0.8,0,0.55,0.0,2,0.8,agg_static,1787900498.7115636,0,2048,,0,0,0,0,0,0,0,1,32,29.22238940000534,0;0;0;0,98,0,2,125,1787900578.4625692,,0,3,2,1,3,3,2,0,1,0,2048,2048,40.96,2.0,38.96,66975.72708129883,38.96,-66936.76708129882,2871.090035,2080.0,38.96
78,upsert,2,L0068,2048,0,1787900565.68735,64.2998378276825,79,1,78,1787900501.3875122,conc2,agg_static@rho0.8,0,0.55,0.0,2,0.8,agg_static,1787900501.3874862,0,2048,,0,0,0,0,0,0,0,1,33,29.22238940000534,1;0;0;0,100,0,1,116,1787900566.0896904,,0,1,1,0,0,1,1,0,0,2560,2560,0,0.0,0.0,0.0,64299.837827682495,0.0,-64299.837827682495,357.579525,2608.0,51.2
83,upsert,1,L0068,2560,0,1787900565.6874976,56.2892210483551,84,1,83,1787900509.3982766,conc2,agg_static@rho0.8,0,0.55,0.0,2,0.8,agg_static,1787900509.3982596,0,2560,,0,0,0,0,0,0,0,2,38,29.22238940000534,0;0;0;0,104,0,1,116,1787900566.0896904,,0,2,1,1,0,2,1,0,0,2048,2560,512,10.24,0.0,10.24,56289.2210483551,10.24,-56278.981048355105,357.579525,2608.0,51.2
1,upsert,2,L0007,2048,0,1787900674.920927,75.3247013092041,1,1,1,1787900599.5962257,conc2,agg_static@rho0.8,1,0.55,0.0,2,0.8,agg_static,1787900599.596208,0,2048,,0,0,0,0,0,0,0,1,2,,0;0;0;0,2,0,1,63,1787900702.9743464,,0,3,3,0,3,3,3,0,0,0,0,0,0.0,0.0,0.0,75324.7013092041,0.0,-75324.7013092041,1578.537515,2608.0,0.0
7,upsert,1,L0001,2048,0,1787900677.6870282,69.36823058128357,3,1,7,1787900608.3187976,conc2,agg_static@rho0.8,1,0.55,0.0,2,0.8,agg_static,1787900608.3187795,0,2048,,0,0,0,0,0,0,0,1,8,,0;0;0;0,8,0,1,56,1787900690.2140179,,0,0,1,1,0,0,1,0,0,0,2048,2048,40.96,0.0,40.96,69368.23058128357,40.96,-69327.27058128356,1245.031107,2080.0,40.96
17,upsert,3,L0007,2560,0,1787900681.8147616,56.47783327102661,6,1,17,1787900625.3369284,conc2,agg_static@rho0.8,1,0.55,0.0,2,0.8,agg_static,1787900625.336912,0,2560,,0,0,0,0,0,0,0,2,18,,0;0;0;0,18,0,1,63,1787900702.9743464,,0,2,3,1,3,2,3,0,0,0,0,0,0.0,0.0,0.0,56477.83327102661,0.0,-56477.83327102661,1578.537515,2608.0,0.0
18,upsert,2,L0013,2048,0,1787900681.8148167,53.56879019737244,7,1,18,1787900628.2460265,conc2,agg_static@rho0.8,1,0.55,0.0,2,0.8,agg_static,1787900628.246003,0,2048,,0,0,0,0,0,0,0,1,19,,0;1;0;0,20,0,1,59,1787900696.1527553,,0,0,2,1,0,0,2,0,0,0,2048,2048,40.96,0.0,40.96,53568.79019737244,40.96,-53527.83019737244,1360.790526,2608.0,40.96
64,upsert,3,L0070,2048,0,1787900773.303905,64.59736609458923,42,1,64,1787900708.706539,conc2,agg_static@rho0.8,1,0.55,0.0,2,0.8,agg_static,1787900708.7065165,0,2048,,0,0,0,0,0,0,0,1,47,53.909974217414856,0;0;1;0,69,0,1,120,1787900801.825493,,0,1,1,0,2,1,1,0,0,2560,2560,0,0.0,0.0,0.0,64597.36609458923,0.0,-64597.36609458923,287.996023,2080.0,51.2
70,upsert,1,L0068,2048,0,1787900773.3041215,56.046584367752075,48,3,70,1787900717.2575371,conc2,agg_static@rho0.8,1,0.55,0.0,2,0.8,agg_static,1787900717.2575123,0,2048,,0,0,0,0,0,0,0,1,46,51.03566520690918,0;0;0;1,75,0,1,104,1787900775.4293988,,0,3,1,1,3,3,1,0,0,0,2048,2048,40.96,0.0,40.96,56046.584367752075,40.96,-56005.624367752076,1107.634637,2080.0,40.96
70,upsert,1,L0068,2048,0,1787900773.3041215,56.046584367752075,48,3,70,1787900717.2575371,conc2,agg_static@rho0.8,1,0.55,0.0,2,0.8,agg_static,1787900717.2575123,0,2048,,0,0,0,0,0,0,0,1,46,51.03566520690918,0;0;0;1,75,0,2,111,1787900782.992573,,0,1,1,0,1,1,1,0,0,0,0,0,0.0,0.0,0.0,56046.584367752075,0.0,-56046.584367752075,1499.078918,2608.0,0.0
70,upsert,1,L0068,2048,0,1787900773.3041215,56.046584367752075,48,3,70,1787900717.2575371,conc2,agg_static@rho0.8,1,0.55,0.0,2,0.8,agg_static,1787900717.2575123,0,2048,,0,0,0,0,0,0,0,1,46,51.03566520690918,0;0;0;1,75,0,3,121,1787900801.8255565,,0,3,1,1,3,3,1,0,1,0,2048,2048,40.96,2.0,38.96,56046.584367752075,38.96,-56007.624367752076,550.083273,2080.0,38.96
71,upsert,3,L0109,2048,0,1787900797.729468,80.47143769264221,49,1,71,1787900717.2580304,conc2,agg_static@rho0.8,1,0.55,0.0,2,0.8,agg_static,1787900717.2580137,0,2048,,0,0,0,0,0,0,0,1,47,51.03566520690918,0;0;0;0,75,0,1,119,1787900798.1718218,,0,1,3,1,1,1,3,0,1,0,2048,2048,40.96,2.0,38.96,80471.43769264221,38.96,-80432.4776926422,2889.450607,2080.0,38.96
74,upsert,1,L0070,2560,0,1787900797.7297015,72.63926553726196,52,1,74,1787900725.090436,conc2,agg_static@rho0.8,1,0.55,0.0,2,0.8,agg_static,1787900725.0904114,0,2560,,0,0,0,0,0,0,0,2,50,51.03566520690918,1;0;0;0,79,0,1,120,1787900801.825493,,0,3,1,1,2,3,1,0,0,2048,2560,512,10.24,0.0,10.24,72639.26553726196,10.24,-72629.02553726196,287.996023,2080.0,51.2
75,upsert,0,L0064,2048,0,1787900797.7297444,72.63877201080322,53,1,75,1787900725.0909724,conc2,agg_static@rho0.8,1,0.55,0.0,2,0.8,agg_static,1787900725.0909545,0,2048,,0,0,0,0,0,0,0,1,51,51.03566520690918,0;0;0;0,79,0,1,125,1787900805.675846,,0,2,0,1,2,2,0,0,1,0,2048,2048,40.96,2.0,38.96,72638.77201080322,38.96,-72599.81201080322,2713.934135,3136.0,38.96
7,upsert,1,L0001,2048,0,1787900898.1124027,63.86866474151611,1,1,7,1787900834.243738,conc2,agg_full@rho0.8,1,0.55,0.0,2,0.8,agg_full,1787900834.2437236,0,2048,,0,0,0,0,0,0,0,1,8,,0;0;0;0,8,0,1,56,1787900914.7133675,,0,0,0,0,0,0,0,0,0,0,0,0,0.0,0.0,0.0,63868.66474151611,0.0,-63868.66474151611,321.407884,2608.0,0.0
15,upsert,0,L0001,2560,0,1787900900.8784986,53.69830274581909,3,1,15,1787900847.1801958,conc2,agg_full@rho0.8,1,0.55,0.0,2,0.8,agg_full,1787900847.1801803,0,2560,,0,0,0,0,0,0,0,2,16,,0;0;0;0,16,0,1,56,1787900914.7133675,,0,1,0,1,0,1,0,0,0,0,0,0,0.0,0.0,0.0,53698.30274581909,0.0,-53698.30274581909,321.407884,2608.0,0.0
17,upsert,3,L0007,2560,0,1787900919.6019044,68.83587574958801,5,1,17,1787900850.7660286,conc2,agg_full@rho0.8,1,0.55,0.0,2,0.8,agg_full,1787900850.7660139,0,2560,,0,0,0,0,0,0,0,2,18,,0;0;0;0,18,0,1,63,1787900928.4768238,,0,1,3,1,1,1,3,0,1,0,2560,2560,51.2,2.0,49.2,68835.87574958801,49.2,-68786.67574958802,3857.898123,2608.0,49.2
2,upsert,1,L0014,2048,0,1787901337.1103702,0.0033326148986816406,3,1,2,1787901337.1070375,conc4,agg_full@rho0.8,0,0.55,0.0,4,0.8,agg_full,1787901337.1070259,0,2048,,0,0,0,0,0,0,0,1,3,,0;0;0;1,4,0,1,57,1787901383.5872061,,1,1,1,0,,1,1,1,1,0,0,0,0.0,0.0,0.0,3.3326148986816406,0.0,-3.3326148986816406,5332.049588,2608.0,49.2
3,upsert,3,L0023,2048,0,1787901337.1104307,0.0033080577850341797,4,3,3,1787901337.1071227,conc4,agg_full@rho0.8,0,0.55,0.0,4,0.8,agg_full,1787901337.107113,0,2048,,0,0,0,0,0,0,0,1,4,,0;0;0;0,4,0,1,35,1787901360.3053517,,0,0,3,1,0,0,3,0,1,0,2048,2048,40.96,2.0,38.96,3.3080577850341797,38.96,35.65194221496582,3986.804068,2608.0,38.96
3,upsert,3,L0023,2048,0,1787901337.1104307,0.0033080577850341797,4,3,3,1787901337.1071227,conc4,agg_full@rho0.8,0,0.55,0.0,4,0.8,agg_full,1787901337.107113,0,2048,,0,0,0,0,0,0,0,1,4,,0;0;0;0,4,0,2,46,1787901372.3889441,,1,3,3,0,,3,3,0,0,0,0,0,0.0,0.0,0.0,3.3080577850341797,0.0,-3.3080577850341797,145.200923,2080.0,51.2
3,upsert,3,L0023,2048,0,1787901337.1104307,0.0033080577850341797,4,3,3,1787901337.1071227,conc4,agg_full@rho0.8,0,0.55,0.0,4,0.8,agg_full,1787901337.107113,0,2048,,0,0,0,0,0,0,0,1,4,,0;0;0;0,4,0,3,63,1787901390.2253785,,1,3,3,0,,3,3,1,1,0,0,0,0.0,0.0,0.0,3.3080577850341797,0.0,-3.3080577850341797,591.167527,2608.0,59.44
4,upsert,0,L0000,2048,0,1787901340.693298,0.0037064552307128906,5,2,4,1787901340.6895916,conc4,agg_full@rho0.8,0,0.55,0.0,4,0.8,agg_full,1787901340.6895611,0,2048,,0,0,0,0,0,0,0,2,1,0.0033458471298217773,0;1;1;1,8,0,1,42,1787901369.1703825,,0,3,3,0,2,3,3,1,1,2560,2560,0,0.0,0.0,0.0,3.7064552307128906,0.0,-3.7064552307128906,2482.5558,2080.0,49.2
4,upsert,0,L0000,2048,0,1787901340.693298,0.0037064552307128906,5,2,4,1787901340.6895916,conc4,agg_full@rho0.8,0,0.55,0.0,4,0.8,agg_full,1787901340.6895611,0,2048,,0,0,0,0,0,0,0,2,1,0.0033458471298217773,0;1;1;1,8,0,2,60,1787901390.2252216,,0,3,3,0,3,3,3,0,0,0,0,0,0.0,0.0,0.0,3.7064552307128906,0.0,-3.7064552307128906,308.220103,2608.0,0.0
5,upsert,3,L0000,2560,0,1787901340.6934114,0.003549814224243164,6,2,5,1787901340.6898615,conc4,agg_full@rho0.8,0,0.55,0.0,4,0.8,agg_full,1787901340.689845,0,2560,,0,0,0,0,0,0,0,2,2,0.0033458471298217773,0;1;1;0,8,0,1,42,1787901369.1703825,,1,3,3,0,,3,3,1,1,0,0,0,0.0,0.0,0.0,3.549814224243164,0.0,-3.549814224243164,2482.5558,2080.0,49.2
5,upsert,3,L0000,2560,0,1787901340.6934114,0.003549814224243164,6,2,5,1787901340.6898615,conc4,agg_full@rho0.8,0,0.55,0.0,4,0.8,agg_full,1787901340.689845,0,2560,,0,0,0,0,0,0,0,2,2,0.0033458471298217773,0;1;1;0,8,0,2,60,1787901390.2252216,,1,3,3,0,,3,3,0,0,0,0,0,0.0,0.0,0.0,3.549814224243164,0.0,-3.549814224243164,308.220103,2608.0,0.0
7,upsert,2,L0028,2048,0,1787901340.6935472,0.003340482711791992,8,1,7,1787901340.6902068,conc4,agg_full@rho0.8,0,0.55,0.0,4,0.8,agg_full,1787901340.690195,0,2048,,0,0,0,0,0,0,0,1,4,0.0033458471298217773,0;0;0;0,8,0,1,55,1787901380.5923758,,0,2,2,0,2,2,2,0,0,0,0,0,0.0,0.0,0.0,3.340482711791992,0.0,-3.340482711791992,1214.639018,2080.0,0.0
11,upsert,3,L0000,3072,2560,1787901343.5257857,0.0033426284790039062,12,2,11,1787901343.522443,conc4,agg_full@rho0.8,0,0.55,0.0,4,0.8,agg_full,1787901343.52242,2560,512,2.8325748443603516,0,2560,2560,2048,512,2,0,3,4,0.003429114818572998,0;0;0;0,12,0,1,42,1787901369.1703825,,1,3,3,0,,3,3,1,1,0,0,0,0.0,0.0,0.0,3.3426284790039062,0.0,-3.3426284790039062,2482.5558,2080.0,49.2
11,upsert,3,L0000,3072,2560,1787901343.5257857,0.0033426284790039062,12,2,11,1787901343.522443,conc4,agg_full@rho0.8,0,0.55,0.0,4,0.8,agg_full,1787901343.52242,2560,512,2.8325748443603516,0,2560,2560,2048,512,2,0,3,4,0.003429114818572998,0;0;0;0,12,0,2,60,1787901390.2252216,,1,3,3,0,,3,3,0,0,0,0,0,0.0,0.0,0.0,3.3426284790039062,0.0,-3.3426284790039062,308.220103,2608.0,0.0
14,upsert,1,L0058,2048,0,1787901353.7309606,7.361114025115967,15,1,14,1787901346.3698466,conc4,agg_full@rho0.8,0,0.55,0.0,4,0.8,agg_full,1787901346.3698328,0,2048,,0,0,0,0,0,0,0,1,3,0.0034755667050679526,0;0;0;1,16,0,1,38,1787901365.1528716,,0,2,1,1,2,2,1,0,1,0,2048,2048,40.96,2.0,38.96,7361.114025115967,38.96,-7322.154025115967,3288.053035,2080.0,38.96
15,upsert,3,L0034,2048,0,1787901356.3174975,9.947489976882935,16,1,15,1787901346.3700075,conc4,agg_full@rho0.8,0,0.55,0.0,4,0.8,agg_full,1787901346.369996,0,2048,,0,0,0,0,0,0,0,1,4,0.0034755667050679526,0;0;0;0,16,0,1,50,1787901375.2189574,,0,2,3,1,2,2,3,0,1,0,2048,2048,40.96,2.0,38.96,9947.489976882935,38.96,-9908.529976882935,4624.760295,2080.0,38.96
16,upsert,3,L0023,2560,2048,1787901364.947112,15.768278121948242,17,2,16,1787901349.178834,conc4,agg_full@rho0.8,0,0.55,0.0,4,0.8,agg_full,1787901349.1788034,2048,512,12.071690559387207,0,2048,2048,0,2048,1,0,2,5,0.0034755667050679526,0;1;0;2,23,0,1,46,1787901372.3889441,,0,3,3,0,0,3,3,0,0,2048,2560,512,10.24,0.0,10.24,15768.278121948242,10.24,-15758.038121948242,145.200923,2080.0,51.2
16,upsert,3,L0023,2560,2048,1787901364.947112,15.768278121948242,17,2,16,1787901349.178834,conc4,agg_full@rho0.8,0,0.55,0.0,4,0.8,agg_full,1787901349.1788034,2048,512,12.071690559387207,0,2048,2048,0,2048,1,0,2,5,0.0034755667050679526,0;1;0;2,23,0,2,63,1787901390.2253785,,1,3,3,0,,3,3,1,1,0,0,0,0.0,0.0,0.0,15768.278121948242,0.0,-15768.278121948242,591.167527,2608.0,59.44
17,upsert,3,L0000,2048,3072,1787901364.947256,15.768109798431396,18,2,17,1787901349.1791463,conc4,agg_full@rho0.8,0,0.55,0.0,4,0.8,agg_full,1787901349.1791275,3072,-1024,5.656707525253296,0,3072,3072,2048,1024,2,0,5,6,0.0034755667050679526,0;1;0;1,23,0,1,42,1787901369.1703825,,1,3,3,0,,3,3,1,1,0,0,0,0.0,0.0,0.0,15768.109798431396,0.0,-15768.109798431396,2482.5558,2080.0,49.2
17,upsert,3,L0000,2048,3072,1787901364.947256,15.768109798431396,18,2,17,1787901349.1791463,conc4,agg_full@rho0.8,0,0.55,0.0,4,0.8,agg_full,1787901349.1791275,3072,-1024,5.656707525253296,0,3072,3072,2048,1024,2,0,5,6,0.0034755667050679526,0;1;0;1,23,0,2,60,1787901390.2252216,,1,3,3,0,,3,3,0,0,0,0,0,0.0,0.0,0.0,15768.109798431396,0.0,-15768.109798431396,308.220103,2608.0,0.0
18,upsert,3,L0000,2560,2048,1787901364.947322,15.767963647842407,19,2,18,1787901349.1793582,conc4,agg_full@rho0.8,0,0.55,0.0,4,0.8,agg_full,1787901349.179344,2048,512,0.00021648406982421875,0,3072,3072,2048,1024,2,0,5,7,0.0034755667050679526,0;1;0;0,23,1,1,42,1787901369.1703825,,0,0,3,1,2,0,3,0,1,2048,2560,512,10.24,2.0,8.24,15767.963647842407,8.24,-15759.723647842407,2482.5558,2080.0,49.2
18,upsert,3,L0000,2560,2048,1787901364.947322,15.767963647842407,19,2,18,1787901349.1793582,conc4,agg_full@rho0.8,0,0.55,0.0,4,0.8,agg_full,1787901349.179344,2048,512,0.00021648406982421875,0,3072,3072,2048,1024,2,0,5,7,0.0034755667050679526,0;1;0;0,23,1,2,60,1787901390.2252216,,1,3,3,0,,3,3,0,0,0,0,0,0.0,0.0,0.0,15767.963647842407,0.0,-15767.963647842407,308.220103,2608.0,0.0
19,upsert,1,L0046,2048,0,1787901370.0242045,20.84467911720276,20,1,19,1787901349.1795254,conc4,agg_full@rho0.8,0,0.55,0.0,4,0.8,agg_full,1787901349.179511,0,2048,,0,0,0,0,0,0,0,1,8,0.0034755667050679526,0;0;0;0,23,0,1,58,1787901383.5872576,,0,0,1,1,0,0,1,0,2,0,2048,2048,40.96,4.0,36.96,20844.67911720276,36.96,-20807.71911720276,5331.498754,2080.0,36.96
22,upsert,3,L0000,3072,2560,1787901370.0244467,17.85613203048706,23,1,22,1787901352.1683147,conc4,agg_full@rho0.8,0,0.55,0.0,4,0.8,agg_full,1787901352.168298,2560,512,2.9889540672302246,0,3072,3072,2048,1024,2,0,6,10,0.4361419310936561,1;0;0;0,29,1,1,60,1787901390.2252216,,0,3,3,0,3,3,3,0,0,0,0,0,0.0,0.0,0.0,17856.13203048706,0.0,-17856.13203048706,308.220103,2608.0,0.0
24,upsert,1,L0014,2560,2048,1787901370.0245438,13.668219327926636,25,1,24,1787901356.3563244,conc4,agg_full@rho0.8,0,0.55,0.0,4,0.8,agg_full,1787901356.3562977,2048,512,19.249271869659424,0,2048,2048,0,2048,1,0,2,9,1.896226242184639,2;0;1;0,35,0,1,57,1787901383.5872061,,0,1,1,0,2,1,1,1,1,2048,2560,512,10.24,0.0,10.24,13668.219327926636,10.24,-13657.979327926636,5332.049588,2608.0,49.2
35,upsert,3,L0023,3072,2560,1787901386.1044664,20.95216155052185,36,1,35,1787901365.152305,conc4,agg_full@rho0.8,0,0.55,0.0,4,0.8,agg_full,1787901365.1522882,2560,512,15.973484754562378,0,2560,2560,0,2560,1,0,3,17,4.086524812798751,0;0;0;0,44,0,1,63,1787901390.2253785,,0,3,3,0,0,3,3,1,1,2560,3072,512,10.24,0.0,10.24,20952.16155052185,10.24,-20941.92155052185,591.167527,2608.0,59.44
37,upsert,1,L0056,2048,0,1787901386.1045225,16.935451984405518,38,1,37,1787901369.1690705,conc4,agg_full@rho0.8,0,0.55,0.0,4,0.8,agg_full,1787901369.1690536,0,2048,,0,0,0,0,0,0,0,1,19,4.086524812798751,0;1;1;0,49,0,1,61,1787901390.2252867,,0,2,1,1,2,2,1,0,0,0,2048,2048,40.96,0.0,40.96,16935.451984405518,40.96,-16894.49198440552,1059.781742,2080.0,40.96
65,upsert,3,L0072,2048,0,1787901421.251534,25.40528392791748,66,1,65,1787901395.84625,conc4,agg_full@rho0.8,0,0.55,0.0,4,0.8,agg_full,1787901395.8462434,0,2048,,0,0,0,0,0,0,0,1,26,14.964195020496845,1;1;0;0,86,0,1,124,1787901448.3939068,,0,1,1,0,3,1,1,0,0,512,512,0,0.0,0.0,0.0,25405.28392791748,0.0,-25405.28392791748,1328.585669,2608.0,10.24
84,upsert,2,L0094,2560,0,1787901444.3875334,30.631001949310303,76,1,84,1787901413.7565315,conc4,agg_full@rho0.8,0,0.55,0.0,4,0.8,agg_full,1787901413.7565029,0,2560,,0,0,0,0,0,0,0,2,37,20.938927046954632,1;1;0;1,106,0,1,120,1787901444.503676,,0,2,2,0,2,2,2,0,0,0,0,0,0.0,0.0,0.0,30631.001949310303,0.0,-30631.001949310303,1466.610101,2608.0,0.0
85,upsert,1,L0072,2560,0,1787901444.387574,30.630433559417725,77,1,85,1787901413.7571404,conc4,agg_full@rho0.8,0,0.55,0.0,4,0.8,agg_full,1787901413.7571208,0,2560,,0,0,0,0,0,0,0,2,38,20.938927046954632,1;0;0;1,106,0,1,124,1787901448.3939068,,0,3,1,1,3,3,1,0,0,0,512,512,10.24,0.0,10.24,30630.433559417725,10.24,-30620.193559417723,1328.585669,2608.0,10.24
2,upsert,1,L0014,2048,0,1787901473.3576417,12.485236406326294,3,1,2,1787901460.8724053,conc4,agg_static@rho0.8,0,0.55,0.0,4,0.8,agg_static,1787901460.8723946,0,2048,,0,0,0,0,0,0,0,1,3,,0;0;0;1,4,0,1,57,1787901512.3599677,,1,1,1,0,,1,1,0,0,0,0,0,0.0,0.0,0.0,12485.236406326294,0.0,-12485.236406326294,1733.963784,2608.0,51.2
3,upsert,3,L0023,2048,0,1787901477.7042196,16.83173131942749,4,3,3,1787901460.8724883,conc4,agg_static@rho0.8,0,0.55,0.0,4,0.8,agg_static,1787901460.8724787,0,2048,,0,0,0,0,0,0,0,1,4,,0;0;0;0,4,0,1,35,1787901486.5472798,,0,1,3,1,1,1,3,0,1,0,2048,2048,40.96,2.0,38.96,16831.73131942749,38.96,-16792.77131942749,5420.895431,2080.0,38.96
3,upsert,3,L0023,2048,0,1787901477.7042196,16.83173131942749,4,3,3,1787901460.8724883,conc4,agg_static@rho0.8,0,0.55,0.0,4,0.8,agg_static,1787901460.8724787,0,2048,,0,0,0,0,0,0,0,1,4,,0;0;0;0,4,0,2,46,1787901501.2569635,,0,0,0,0,2,0,0,0,0,2560,2560,0,0.0,0.0,0.0,16831.73131942749,0.0,-16831.73131942749,175.859508,2080.0,51.2
3,upsert,3,L0023,2048,0,1787901477.7042196,16.83173131942749,4,3,3,1787901460.8724883,conc4,agg_static@rho0.8,0,0.55,0.0,4,0.8,agg_static,1787901460.8724787,0,2048,,0,0,0,0,0,0,0,1,4,,0;0;0;0,4,0,3,63,1787901515.082759,,0,0,0,0,1,0,0,1,1,2560,2560,0,0.0,0.0,0.0,16831.73131942749,0.0,-16831.73131942749,3709.978123,2608.0,49.2
4,upsert,0,L0000,2048,0,1787901477.7043307,12.716125726699829,5,2,4,1787901464.988205,conc4,agg_static@rho0.8,0,0.55,0.0,4,0.8,agg_static,1787901464.9881794,0,2048,,0,0,0,0,0,0,0,2,5,,0;1;1;1,8,0,1,42,1787901497.5143754,,0,3,3,0,2,3,3,0,0,2048,2048,0,0.0,0.0,0.0,12716.12572669983,0.0,-12716.12572669983,285.362389,2080.0,40.96
4,upsert,0,L0000,2048,0,1787901477.7043307,12.716125726699829,5,2,4,1787901464.988205,conc4,agg_static@rho0.8,0,0.55,0.0,4,0.8,agg_static,1787901464.9881794,0,2048,,0,0,0,0,0,0,0,2,5,,0;1;1;1,8,0,2,60,1787901515.0826082,,0,3,3,0,2,3,3,0,0,3072,3072,0,0.0,0.0,0.0,12716.12572669983,0.0,-12716.12572669983,194.405644,2608.0,61.44
7,upsert,2,L0028,2048,0,1787901477.7044582,12.71591067314148,7,1,7,1787901464.9885476,conc4,agg_static@rho0.8,0,0.55,0.0,4,0.8,agg_static,1787901464.9885383,0,2048,,0,0,0,0,0,0,0,1,8,,0;0;0;0,8,0,1,55,1787901507.9519002,,0,1,2,1,1,1,2,0,1,0,2048,2048,40.96,2.0,38.96,12715.91067314148,38.96,-12676.95067314148,3594.170049,2080.0,38.96
11,upsert,3,L0000,3072,0,1787901486.8508546,19.12633991241455,11,2,11,1787901467.7245147,conc4,agg_static@rho0.8,0,0.55,0.0,4,0.8,agg_static,1787901467.7244997,2560,512,2.7361459732055664,0,0,0,0,0,0,0,3,12,,0;0;0;0,12,1,1,42,1787901497.5143754,,1,3,3,0,,3,3,0,0,0,0,0,0.0,0.0,0.0,19126.33991241455,0.0,-19126.33991241455,285.362389,2080.0,40.96
11,upsert,3,L0000,3072,0,1787901486.8508546,19.12633991241455,11,2,11,1787901467.7245147,conc4,agg_static@rho0.8,0,0.55,0.0,4,0.8,agg_static,1787901467.7244997,2560,512,2.7361459732055664,0,0,0,0,0,0,0,3,12,,0;0;0;0,12,1,2,60,1787901515.0826082,,1,3,3,0,,3,3,0,0,0,0,0,0.0,0.0,0.0,19126.33991241455,0.0,-19126.33991241455,194.405644,2608.0,61.44
14,upsert,1,L0058,2048,0,1787901486.8509693,16.27578067779541,14,1,14,1787901470.5751886,conc4,agg_static@rho0.8,0,0.55,0.0,4,0.8,agg_static,1787901470.575177,0,2048,,0,0,0,0,0,0,0,1,15,,0;0;0;1,16,0,1,38,1787901492.874688,,0,2,1,1,2,2,1,0,1,0,2048,2048,40.96,2.0,38.96,16275.78067779541,38.96,-16236.820677795411,3814.991355,2080.0,38.96
15,upsert,3,L0034,2048,0,1787901486.8509877,16.275712251663208,15,1,15,1787901470.5752754,conc4,agg_static@rho0.8,0,0.55,0.0,4,0.8,agg_static,1787901470.575266,0,2048,,0,0,0,0,0,0,0,1,16,,0;0;0;0,16,0,1,50,1787901504.050304,,0,0,3,1,0,0,3,0,0,0,2048,2048,40.96,0.0,40.96,16275.712251663208,40.96,-16234.752251663209,1203.162877,2080.0,40.96
16,upsert,0,L0023,2560,0,1787901494.1041124,19.067660570144653,16,2,16,1787901475.0364518,conc4,agg_static@rho0.8,0,0.55,0.0,4,0.8,agg_static,1787901475.0364258,0,2560,,0,0,0,0,0,0,0,2,14,11.907502174377441,0;1;1;1,20,0,1,46,1787901501.2569635,,0,3,0,1,2,3,0,1,0,2048,2560,512,10.24,-2.0,12.24,19067.660570144653,12.24,-19055.42057014465,175.859508,2080.0,51.2
16,upsert,0,L0023,2560,0,1787901494.1041124,19.067660570144653,16,2,16,1787901475.0364518,conc4,agg_static@rho0.8,0,0.55,0.0,4,0.8,agg_static,1787901475.0364258,0,2560,,0,0,0,0,0,0,0,2,14,11.907502174377441,0;1;1;1,20,0,2,63,1787901515.082759,,0,3,0,1,1,3,0,1,1,2048,2560,512,10.24,0.0,10.24,19067.660570144653,10.24,-19057.42057014465,3709.978123,2608.0,49.2
17,upsert,3,L0000,2048,3072,1787901494.104189,19.067468881607056,17,2,17,1787901475.03672,conc4,agg_static@rho0.8,0,0.55,0.0,4,0.8,agg_static,1787901475.0367012,3072,-1024,7.312201499938965,0,0,0,0,0,0,0,5,15,11.907502174377441,0;1;1;0,20,1,1,42,1787901497.5143754,,0,3,3,0,2,3,3,0,0,3072,2048,-1024,-20.48,0.0,-20.48,19067.468881607056,-20.48,-19087.948881607055,285.362389,2080.0,40.96
17,upsert,3,L0000,2048,3072,1787901494.104189,19.067468881607056,17,2,17,1787901475.03672,conc4,agg_static@rho0.8,0,0.55,0.0,4,0.8,agg_static,1787901475.0367012,3072,-1024,7.312201499938965,0,0,0,0,0,0,0,5,15,11.907502174377441,0;1;1;0,20,1,2,60,1787901515.0826082,,1,3,3,0,,3,3,0,0,0,0,0,0.0,0.0,0.0,19067.468881607056,0.0,-19067.468881607056,194.405644,2608.0,61.44
19,upsert,2,L0046,2048,0,1787901494.1042168,19.06717801094055,18,1,19,1787901475.0370388,conc4,agg_static@rho0.8,0,0.55,0.0,4,0.8,agg_static,1787901475.0370274,0,2048,,0,0,0,0,0,0,0,1,17,11.907502174377441,0;0;0;0,20,0,1,58,1787901512.3600209,,0,3,2,1,3,3,2,0,0,0,2048,2048,40.96,0.0,40.96,19067.17801094055,40.96,-19026.218010940553,1234.945112,2080.0,40.96
22,upsert,3,L0000,3072,2048,1787901503.7042365,25.801334142684937,21,1,22,1787901477.9029024,conc4,agg_static@rho0.8,0,0.55,0.0,4,0.8,agg_static,1787901477.9028854,2048,1024,2.8661842346191406,0,0,2048,0,2048,1,0,6,13,12.064297199249268,1;0;0;0,25,1,1,60,1787901515.0826082,,0,3,3,0,2,3,3,0,0,2048,3072,1024,20.48,0.0,20.48,25801.334142684937,20.48,-25780.854142684937,194.405644,2608.0,61.44
24,upsert,1,L0014,2560,2048,1787901503.7042782,21.65601086616516,23,1,24,1787901482.0482674,conc4,agg_static@rho0.8,0,0.55,0.0,4,0.8,agg_static,1787901482.0482388,2048,512,21.175844192504883,0,2048,2048,0,2048,1,0,2,15,12.064297199249268,1;0;1;1,30,0,1,57,1787901512.3599677,,0,1,1,0,3,1,1,0,0,2048,2560,512,10.24,0.0,10.24,21656.01086616516,10.24,-21645.77086616516,1733.963784,2608.0,51.2
65,upsert,3,L0072,2048,0,1787901570.0241733,47.251110792160034,64,1,65,1787901522.7730625,conc4,agg_static@rho0.8,0,0.55,0.0,4,0.8,agg_static,1787901522.7730463,0,2048,,0,0,0,0,0,0,0,1,34,19.13693780452013,0;1;1;0,80,0,1,124,1787901576.321513,,0,0,3,1,0,0,3,0,0,0,2048,2048,40.96,0.0,40.96,47251.110792160034,40.96,-47210.150792160035,2663.821585,2080.0,40.96
1,upsert,2,L0007,2048,0,1787901709.6308682,0.0032210350036621094,2,1,1,1787901709.6276472,conc4,agg_static@rho0.8,1,0.55,0.0,4,0.8,agg_static,1787901709.6276329,0,2048,,0,0,0,0,0,0,0,1,2,,0;1;0;1,4,0,1,63,1787901763.1600227,,1,2,2,0,,2,2,0,0,0,0,0,0.0,0.0,0.0,3.2210350036621094,0.0,-3.2210350036621094,1403.975417,2608.0,0.0
5,upsert,3,L0021,2048,0,1787901712.4736106,0.003479480743408203,6,2,5,1787901712.4701312,conc4,agg_static@rho0.8,1,0.55,0.0,4,0.8,agg_static,1787901712.4701154,0,2048,,0,0,0,0,0,0,0,1,2,0.0031928420066833496,0;1;1;0,8,0,1,58,1787901761.085308,,0,3,3,0,3,3,3,0,0,0,0,0,0.0,0.0,0.0,3.479480743408203,0.0,-3.479480743408203,1209.390471,2080.0,0.0
5,upsert,3,L0021,2048,0,1787901712.4736106,0.003479480743408203,6,2,5,1787901712.4701312,conc4,agg_static@rho0.8,1,0.55,0.0,4,0.8,agg_static,1787901712.4701154,0,2048,,0,0,0,0,0,0,0,1,2,0.0031928420066833496,0;1;1;0,8,0,2,61,1787901763.159928,,0,3,3,0,3,3,3,0,0,0,0,0,0.0,0.0,0.0,3.479480743408203,0.0,-3.479480743408203,1320.361518,2608.0,0.0
7,upsert,2,L0001,2048,0,1787901712.4737434,0.003229379653930664,8,3,7,1787901712.470514,conc4,agg_static@rho0.8,1,0.55,0.0,4,0.8,agg_static,1787901712.4705007,0,2048,,0,0,0,0,0,0,0,1,4,0.0031928420066833496,0;0;0;0,8,0,1,40,1787901739.7308307,,1,2,2,0,,2,2,0,0,0,0,0,0.0,0.0,0.0,3.229379653930664,0.0,-3.229379653930664,1475.130321,2608.0,51.2
7,upsert,2,L0001,2048,0,1787901712.4737434,0.003229379653930664,8,3,7,1787901712.470514,conc4,agg_static@rho0.8,1,0.55,0.0,4,0.8,agg_static,1787901712.4705007,0,2048,,0,0,0,0,0,0,0,1,4,0.0031928420066833496,0;0;0;0,8,0,2,41,1787901739.7308946,,1,2,2,0,,2,2,1,1,0,0,0,0.0,0.0,0.0,3.229379653930664,0.0,-3.229379653930664,1681.422582,2080.0,49.2
7,upsert,2,L0001,2048,0,1787901712.4737434,0.003229379653930664,8,3,7,1787901712.470514,conc4,agg_static@rho0.8,1,0.55,0.0,4,0.8,agg_static,1787901712.4705007,0,2048,,0,0,0,0,0,0,0,1,4,0.0031928420066833496,0;0;0;0,8,0,3,56,1787901761.0851912,,1,2,2,0,,2,2,0,0,0,0,0,0.0,0.0,0.0,3.229379653930664,0.0,-3.229379653930664,348.210578,2608.0,51.2
12,upsert,0,L0022,2048,0,1787901726.8568394,6.968370676040649,13,2,12,1787901719.8884687,conc4,agg_static@rho0.8,1,0.55,0.0,4,0.8,agg_static,1787901719.8884408,0,2048,,0,0,0,0,0,0,0,1,1,0.01427398125330607,0;1;2;0,18,0,1,55,1787901753.384766,,0,2,0,1,2,2,0,0,2,0,2048,2048,40.96,4.0,36.96,6968.370676040649,36.96,-6931.410676040649,6389.50274,2080.0,36.96
12,upsert,0,L0022,2048,0,1787901726.8568394,6.968370676040649,13,2,12,1787901719.8884687,conc4,agg_static@rho0.8,1,0.55,0.0,4,0.8,agg_static,1787901719.8884408,0,2048,,0,0,0,0,0,0,0,1,1,0.01427398125330607,0;1;2;0,18,0,2,57,1787901761.085256,,0,1,0,1,1,1,0,0,0,0,2048,2048,40.96,0.0,40.96,6968.370676040649,40.96,-6927.410676040649,1428.312469,2608.0,40.96
15,upsert,2,L0001,2560,2048,1787901733.34254,13.453415632247925,16,3,15,1787901719.8891244,conc4,agg_static@rho0.8,1,0.55,0.0,4,0.8,agg_static,1787901719.8891106,2048,512,7.418609857559204,0,2048,2048,0,2048,1,0,2,4,0.01427398125330607,0;0;0;0,18,0,1,40,1787901739.7308307,,0,2,2,0,0,2,2,0,0,2048,2560,512,10.24,0.0,10.24,13453.415632247925,10.24,-13443.175632247925,1475.130321,2608.0,51.2
15,upsert,2,L0001,2560,2048,1787901733.34254,13.453415632247925,16,3,15,1787901719.8891244,conc4,agg_static@rho0.8,1,0.55,0.0,4,0.8,agg_static,1787901719.8891106,2048,512,7.418609857559204,0,2048,2048,0,2048,1,0,2,4,0.01427398125330607,0;0;0;0,18,0,2,41,1787901739.7308946,,0,2,2,0,1,2,2,1,1,2048,2560,512,10.24,0.0,10.24,13453.415632247925,10.24,-13443.175632247925,1681.422582,2080.0,49.2
15,upsert,2,L0001,2560,2048,1787901733.34254,13.453415632247925,16,3,15,1787901719.8891244,conc4,agg_static@rho0.8,1,0.55,0.0,4,0.8,agg_static,1787901719.8891106,2048,512,7.418609857559204,0,2048,2048,0,2048,1,0,2,4,0.01427398125330607,0;0;0;0,18,0,3,56,1787901761.0851912,,0,2,2,0,1,2,2,0,0,2048,2560,512,10.24,0.0,10.24,13453.415632247925,10.24,-13443.175632247925,348.210578,2608.0,51.2
17,upsert,2,L0007,2560,2048,1787901733.3426657,10.501265525817871,18,1,17,1787901722.8414001,conc4,agg_static@rho0.8,1,0.55,0.0,4,0.8,agg_static,1787901722.841381,2048,512,13.213748216629028,0,2048,2048,0,2048,1,0,2,6,0.01427398125330607,0;1;0;1,24,0,1,63,1787901763.1600227,,0,2,2,0,2,2,2,0,0,0,0,0,0.0,0.0,0.0,10501.265525817871,0.0,-10501.265525817871,1403.975417,2608.0,0.0
18,upsert,1,L0013,2048,0,1787901742.5996757,19.758089065551758,19,2,18,1787901722.8415866,conc4,agg_static@rho0.8,1,0.55,0.0,4,0.8,agg_static,1787901722.8415735,0,2048,,0,0,0,0,0,0,0,1,7,0.01427398125330607,0;0;0;1,24,0,1,49,1787901748.1049953,,0,1,1,0,1,1,1,0,0,0,0,0,0.0,0.0,0.0,19758.089065551758,0.0,-19758.089065551758,1194.183964,2080.0,0.0
18,upsert,1,L0013,2048,0,1787901742.5996757,19.758089065551758,19,2,18,1787901722.8415866,conc4,agg_static@rho0.8,1,0.55,0.0,4,0.8,agg_static,1787901722.8415735,0,2048,,0,0,0,0,0,0,0,1,7,0.01427398125330607,0;0;0;1,24,0,2,59,1787901761.085353,,0,1,1,0,1,1,1,0,0,0,0,0,0.0,0.0,0.0,19758.089065551758,0.0,-19758.089065551758,1527.775016,2608.0,0.0
20,upsert,0,L0024,2048,0,1787901742.5998628,16.826480865478516,21,1,20,1787901725.773382,conc4,agg_static@rho0.8,1,0.55,0.0,4,0.8,agg_static,1787901725.7733507,0,2048,,0,0,0,0,0,0,0,1,9,0.01427398125330607,0;1;1;1,28,0,1,54,1787901753.3847487,,0,2,0,1,2,2,0,0,1,0,2048,2048,40.96,2.0,38.96,16826.480865478516,38.96,-16787.520865478516,6389.640835,2080.0,38.96
64,upsert,3,L0070,2048,0,1787901805.5714245,36.396337270736694,63,1,64,1787901769.1750872,conc4,agg_static@rho0.8,1,0.55,0.0,4,0.8,agg_static,1787901769.1750612,0,2048,,0,0,0,0,0,0,0,1,18,21.27542844414711,1;1;1;0,83,0,1,120,1787901821.5625825,,0,2,2,0,2,2,2,0,0,0,0,0,0.0,0.0,0.0,36396.337270736694,0.0,-36396.337270736694,174.089215,2080.0,0.0
70,upsert,2,L0068,2048,0,1787901805.5716956,33.472304821014404,69,3,70,1787901772.0993907,conc4,agg_static@rho0.8,1,0.55,0.0,4,0.8,agg_static,1787901772.099385,0,2048,,0,0,0,0,0,0,0,1,24,21.27542844414711,0;1;0;0,87,0,1,104,1787901805.772078,,0,3,2,1,3,3,2,0,0,0,2048,2048,40.96,0.0,40.96,33472.304821014404,40.96,-33431.344821014405,1260.160595,2080.0,40.96
70,upsert,2,L0068,2048,0,1787901805.5716956,33.472304821014404,69,3,70,1787901772.0993907,conc4,agg_static@rho0.8,1,0.55,0.0,4,0.8,agg_static,1787901772.099385,0,2048,,0,0,0,0,0,0,0,1,24,21.27542844414711,0;1;0;0,87,0,2,111,1787901809.6882002,,0,2,2,0,2,2,2,0,0,0,0,0,0.0,0.0,0.0,33472.304821014404,0.0,-33472.304821014404,1471.040192,2608.0,0.0
70,upsert,2,L0068,2048,0,1787901805.5716956,33.472304821014404,69,3,70,1787901772.0993907,conc4,agg_static@rho0.8,1,0.55,0.0,4,0.8,agg_static,1787901772.099385,0,2048,,0,0,0,0,0,0,0,1,24,21.27542844414711,0;1;0;0,87,0,3,121,1787901821.562648,,0,3,2,1,3,3,2,0,1,0,2048,2048,40.96,2.0,38.96,33472.304821014404,38.96,-33433.344821014405,427.877111,2080.0,38.96
71,upsert,1,L0109,2048,0,1787901805.5717356,33.47221326828003,70,1,71,1787901772.0995224,conc4,agg_static@rho0.8,1,0.55,0.0,4,0.8,agg_static,1787901772.0995169,0,2048,,0,0,0,0,0,0,0,1,25,21.27542844414711,0;0;0;0,87,0,1,119,1787901817.2546787,,0,0,1,1,0,0,1,0,1,0,2048,2048,40.96,2.0,38.96,33472.21326828003,38.96,-33433.25326828003,3543.099056,2080.0,38.96
74,upsert,2,L0070,2560,0,1787901805.5718508,29.29032826423645,73,1,74,1787901776.2815225,conc4,agg_static@rho0.8,1,0.55,0.0,4,0.8,agg_static,1787901776.2815077,0,2560,,0,0,0,0,0,0,0,2,28,21.27542844414711,1;0;0;0,91,0,1,120,1787901821.5625825,,0,3,2,1,2,3,2,0,0,0,0,0,0.0,0.0,0.0,29290.32826423645,0.0,-29290.32826423645,174.089215,2080.0,0.0
75,upsert,0,L0064,2048,0,1787901824.2282445,47.946311473846436,74,1,75,1787901776.281933,conc4,agg_static@rho0.8,1,0.55,0.0,4,0.8,agg_static,1787901776.2819197,0,2048,,0,0,0,0,0,0,0,1,29,21.27542844414711,0;0;0;0,91,0,1,125,1787901824.2864032,,0,2,0,1,2,2,0,0,1,0,2048,2048,40.96,2.0,38.96,47946.311473846436,38.96,-47907.35147384644,2783.815299,3136.0,38.96
64,upsert,0,L0070,2048,0,1787901914.4285202,18.463252067565918,16,2,64,1787901895.9652681,conc4,agg_full@rho0.8,1,0.55,0.0,4,0.8,agg_full,1787901895.9652386,0,2048,,0,0,0,0,0,0,0,1,65,,0;1;1;1,68,0,1,90,1787901914.6768522,,0,1,0,1,1,1,0,0,1,0,2048,2048,40.96,2.0,38.96,18463.252067565918,38.96,-18424.29206756592,4476.109564,2080.0,38.96
64,upsert,0,L0070,2048,0,1787901914.4285202,18.463252067565918,16,2,64,1787901895.9652681,conc4,agg_full@rho0.8,1,0.55,0.0,4,0.8,agg_full,1787901895.9652386,0,2048,,0,0,0,0,0,0,0,1,65,,0;1;1;1,68,0,2,120,1787901953.2227569,,0,1,1,0,2,1,1,0,0,2560,2560,0,0.0,0.0,0.0,18463.252067565918,0.0,-18463.252067565918,254.019002,2080.0,51.2
70,upsert,2,L0068,2048,0,1787901926.1142867,26.978461027145386,22,3,70,1787901899.1358256,conc4,agg_full@rho0.8,1,0.55,0.0,4,0.8,agg_full,1787901899.1358116,0,2048,,0,0,0,0,0,0,0,1,68,30.681456486384075,0;0;0;1,72,0,1,104,1787901933.6649294,,0,1,2,1,1,1,2,0,0,0,2048,2048,40.96,0.0,40.96,26978.461027145386,40.96,-26937.501027145387,1160.511109,2080.0,40.96
70,upsert,2,L0068,2048,0,1787901926.1142867,26.978461027145386,22,3,70,1787901899.1358256,conc4,agg_full@rho0.8,1,0.55,0.0,4,0.8,agg_full,1787901899.1358116,0,2048,,0,0,0,0,0,0,0,1,68,30.681456486384075,0;0;0;1,72,0,2,111,1787901937.6319761,,0,3,2,1,3,3,2,0,1,0,2048,2048,40.96,2.0,38.96,26978.461027145386,38.96,-26939.501027145387,4004.422324,2608.0,38.96
70,upsert,2,L0068,2048,0,1787901926.1142867,26.978461027145386,22,3,70,1787901899.1358256,conc4,agg_full@rho0.8,1,0.55,0.0,4,0.8,agg_full,1787901899.1358116,0,2048,,0,0,0,0,0,0,0,1,68,30.681456486384075,0;0;0;1,72,0,3,121,1787901953.2228215,,0,3,2,1,3,3,2,0,0,0,2048,2048,40.96,0.0,40.96,26978.461027145386,40.96,-26937.501027145387,150.352783,2080.0,40.96
71,upsert,3,L0109,2048,0,1787901926.1143167,26.978176832199097,23,1,71,1787901899.1361399,conc4,agg_full@rho0.8,1,0.55,0.0,4,0.8,agg_full,1787901899.1361268,0,2048,,0,0,0,0,0,0,0,1,69,30.681456486384075,0;0;0;0,72,0,1,119,1787901947.823188,,0,0,3,1,0,0,3,0,1,0,2048,2048,40.96,2.0,38.96,26978.176832199097,38.96,-26939.216832199098,3899.096661,2080.0,38.96
74,upsert,1,L0070,2560,0,1787901941.5711107,38.42623019218445,26,1,74,1787901903.1448805,conc4,agg_full@rho0.8,1,0.55,0.0,4,0.8,agg_full,1787901903.1448665,0,2560,,0,0,0,0,0,0,0,2,72,30.681456486384075,0;0;0;1,76,0,1,120,1787901953.2227569,,0,0,1,1,2,0,1,0,0,2048,2560,512,10.24,0.0,10.24,38426.23019218445,10.24,-38415.99019218445,254.019002,2080.0,51.2
75,upsert,3,L0064,2048,0,1787901941.5712566,38.42601299285889,27,3,75,1787901903.1452436,conc4,agg_full@rho0.8,1,0.55,0.0,4,0.8,agg_full,1787901903.14523,0,2048,,0,0,0,0,0,0,0,1,73,30.681456486384075,0;0;0;0,76,0,1,113,1787901942.5253258,,0,2,3,1,2,2,3,0,1,0,2048,2048,40.96,2.0,38.96,38426.01299285889,38.96,-38387.05299285889,4416.543897,2080.0,38.96
75,upsert,3,L0064,2048,0,1787901941.5712566,38.42601299285889,27,3,75,1787901903.1452436,conc4,agg_full@rho0.8,1,0.55,0.0,4,0.8,agg_full,1787901903.14523,0,2048,,0,0,0,0,0,0,0,1,73,30.681456486384075,0;0;0;0,76,0,2,115,1787901942.5254173,,0,2,3,1,2,2,3,0,2,0,2048,2048,40.96,4.0,36.96,38426.01299285889,36.96,-38389.05299285889,4415.303413,2080.0,36.96
75,upsert,3,L0064,2048,0,1787901941.5712566,38.42601299285889,27,3,75,1787901903.1452436,conc4,agg_full@rho0.8,1,0.55,0.0,4,0.8,agg_full,1787901903.14523,0,2048,,0,0,0,0,0,0,0,1,73,30.681456486384075,0;0;0;0,76,0,3,125,1787901956.086332,,0,2,3,1,2,2,3,0,0,0,2048,2048,40.96,0.0,40.96,38426.01299285889,40.96,-38385.05299285889,1643.697161,2608.0,40.96
2,upsert,1,L0014,2048,0,1787902074.7903106,0.005904674530029297,3,1,2,1787902074.784406,conc8,agg_full@rho0.8,0,0.55,0.0,8,0.8,agg_full,1787902074.7843945,0,2048,,0,0,0,0,0,0,0,1,3,,1;1;1;2,8,0,1,57,1787902116.4107335,,1,1,1,0,,1,1,1,1,0,0,0,0.0,0.0,0.0,5.904674530029297,0.0,-5.904674530029297,5656.303568,2608.0,49.2
3,upsert,3,L0023,2048,0,1787902074.7904174,0.005925178527832031,5,3,3,1787902074.7844923,conc8,agg_full@rho0.8,0,0.55,0.0,8,0.8,agg_full,1787902074.7844822,0,2048,,0,0,0,0,0,0,0,1,4,,1;1;1;1,8,0,1,35,1787902095.4385178,,1,3,3,0,,3,3,1,1,0,0,0,0.0,0.0,0.0,5.925178527832031,0.0,-5.925178527832031,4124.767873,2608.0,49.2
3,upsert,3,L0023,2048,0,1787902074.7904174,0.005925178527832031,5,3,3,1787902074.7844923,conc8,agg_full@rho0.8,0,0.55,0.0,8,0.8,agg_full,1787902074.7844822,0,2048,,0,0,0,0,0,0,0,1,4,,1;1;1;1,8,0,2,46,1787902101.7995596,,1,3,3,0,,3,3,2,2,0,0,0,0.0,0.0,0.0,5.925178527832031,0.0,-5.925178527832031,2854.473334,2080.0,49.2
3,upsert,3,L0023,2048,0,1787902074.7904174,0.005925178527832031,5,3,3,1787902074.7844923,conc8,agg_full@rho0.8,0,0.55,0.0,8,0.8,agg_full,1787902074.7844822,0,2048,,0,0,0,0,0,0,0,1,4,,1;1;1;1,8,0,3,63,1787902116.411002,,1,3,3,0,,3,3,2,2,0,0,0,0.0,0.0,0.0,5.925178527832031,0.0,-5.925178527832031,2878.028289,2608.0,49.2
5,upsert,3,L0000,2560,0,1787902074.7904704,0.005840301513671875,6,2,5,1787902074.78463,conc8,agg_full@rho0.8,0,0.55,0.0,8,0.8,agg_full,1787902074.7846222,0,2560,,0,0,0,0,0,0,0,2,6,,0;1;1;0,8,0,1,42,1787902101.799394,,1,3,3,0,,3,3,1,1,0,0,0,0.0,0.0,0.0,5.840301513671875,0.0,-5.840301513671875,2856.553699,2080.0,59.44
5,upsert,3,L0000,2560,0,1787902074.7904704,0.005840301513671875,6,2,5,1787902074.78463,conc8,agg_full@rho0.8,0,0.55,0.0,8,0.8,agg_full,1787902074.7846222,0,2560,,0,0,0,0,0,0,0,2,6,,0;1;1;0,8,0,2,60,1787902116.410882,,1,3,3,0,,3,3,1,1,0,0,0,0.0,0.0,0.0,5.840301513671875,0.0,-5.840301513671875,2879.649017,2608.0,59.44
4,upsert,0,L0000,2048,0,1787902074.790523,0.005956172943115234,7,2,4,1787902074.7845669,conc8,agg_full@rho0.8,0,0.55,0.0,8,0.8,agg_full,1787902074.7845578,0,2048,,0,0,0,0,0,0,0,2,5,,0;1;1;1,8,0,1,42,1787902101.799394,,0,3,3,0,2,3,3,1,1,3072,3072,0,0.0,0.0,0.0,5.956172943115234,0.0,-5.956172943115234,2856.553699,2080.0,59.44
4,upsert,0,L0000,2048,0,1787902074.790523,0.005956172943115234,7,2,4,1787902074.7845669,conc8,agg_full@rho0.8,0,0.55,0.0,8,0.8,agg_full,1787902074.7845578,0,2048,,0,0,0,0,0,0,0,2,5,,0;1;1;1,8,0,2,60,1787902116.410882,,0,3,3,0,2,3,3,1,1,3072,3072,0,0.0,0.0,0.0,5.956172943115234,0.0,-5.956172943115234,2879.649017,2608.0,59.44
7,upsert,2,L0028,2048,0,1787902074.7905726,0.005808830261230469,8,1,7,1787902074.7847638,conc8,agg_full@rho0.8,0,0.55,0.0,8,0.8,agg_full,1787902074.7847564,0,2048,,0,0,0,0,0,0,0,1,8,,0;0;0;0,8,0,1,55,1787902107.5077965,,0,1,2,1,1,1,2,1,2,0,2048,2048,40.96,2.0,38.96,5.808830261230469,38.96,33.15116973876953,7801.987782,2080.0,38.96
11,upsert,3,L0000,3072,2560,1787902080.4587774,0.007369518280029297,12,2,11,1787902080.451408,conc8,agg_full@rho0.8,0,0.55,0.0,8,0.8,agg_full,1787902080.4513907,2560,512,5.666768550872803,0,2560,2560,2048,512,2,0,3,4,0.005875676870346069,1;1;1;1,16,0,1,42,1787902101.799394,,1,3,3,0,,3,3,1,1,0,0,0,0.0,0.0,0.0,7.369518280029297,0.0,-7.369518280029297,2856.553699,2080.0,59.44
11,upsert,3,L0000,3072,2560,1787902080.4587774,0.007369518280029297,12,2,11,1787902080.451408,conc8,agg_full@rho0.8,0,0.55,0.0,8,0.8,agg_full,1787902080.4513907,2560,512,5.666768550872803,0,2560,2560,2048,512,2,0,3,4,0.005875676870346069,1;1;1;1,16,0,2,60,1787902116.410882,,1,3,3,0,,3,3,1,1,0,0,0,0.0,0.0,0.0,7.369518280029297,0.0,-7.369518280029297,2879.649017,2608.0,59.44
14,upsert,1,L0058,2048,0,1787902082.3216023,1.8697593212127686,15,1,14,1787902080.451843,conc8,agg_full@rho0.8,0,0.55,0.0,8,0.8,agg_full,1787902080.4518325,0,2048,,0,0,0,0,0,0,0,1,7,0.005875676870346069,0;0;0;1,16,0,1,38,1787902095.4386384,,0,1,1,0,1,1,1,1,1,0,0,0,0.0,0.0,0.0,1869.7593212127686,0.0,-1869.7593212127686,3876.224511,2080.0,0.0
15,upsert,3,L0034,2048,0,1787902082.3216455,1.869671106338501,16,1,15,1787902080.4519744,conc8,agg_full@rho0.8,0,0.55,0.0,8,0.8,agg_full,1787902080.4519644,0,2048,,0,0,0,0,0,0,0,1,8,0.005875676870346069,0;0;0;0,16,0,1,50,1787902107.507605,,0,2,3,1,2,2,3,0,1,0,2048,2048,40.96,2.0,38.96,1869.671106338501,38.96,-1830.711106338501,4775.996666,2080.0,38.96
16,upsert,3,L0023,2560,2048,1787902094.1625292,7.740237712860107,17,3,16,1787902086.4222915,conc8,agg_full@rho0.8,0,0.55,0.0,8,0.8,agg_full,1787902086.4222586,2048,512,11.637776374816895,0,2048,2048,0,2048,1,0,2,1,0.3731978088617325,1;2;1;3,29,0,1,35,1787902095.4385178,,0,3,3,0,0,3,3,1,1,2048,2560,512,10.24,0.0,10.24,7740.237712860107,10.24,-7729.997712860108,4124.767873,2608.0,49.2
16,upsert,3,L0023,2560,2048,1787902094.1625292,7.740237712860107,17,3,16,1787902086.4222915,conc8,agg_full@rho0.8,0,0.55,0.0,8,0.8,agg_full,1787902086.4222586,2048,512,11.637776374816895,0,2048,2048,0,2048,1,0,2,1,0.3731978088617325,1;2;1;3,29,0,2,46,1787902101.7995596,,0,3,3,0,0,3,3,2,2,2048,2560,512,10.24,0.0,10.24,7740.237712860107,10.24,-7729.997712860108,2854.473334,2080.0,49.2
16,upsert,3,L0023,2560,2048,1787902094.1625292,7.740237712860107,17,3,16,1787902086.4222915,conc8,agg_full@rho0.8,0,0.55,0.0,8,0.8,agg_full,1787902086.4222586,2048,512,11.637776374816895,0,2048,2048,0,2048,1,0,2,1,0.3731978088617325,1;2;1;3,29,0,3,63,1787902116.411002,,0,3,3,0,2,3,3,2,2,2048,2560,512,10.24,0.0,10.24,7740.237712860107,10.24,-7729.997712860108,2878.028289,2608.0,49.2
17,upsert,3,L0000,2048,3072,1787902094.2239482,7.801342964172363,18,2,17,1787902086.4226053,conc8,agg_full@rho0.8,0,0.55,0.0,8,0.8,agg_full,1787902086.4225872,3072,-1024,5.971196413040161,0,3072,3072,2048,1024,2,0,6,2,0.3731978088617325,1;2;1;2,29,0,1,42,1787902101.799394,,1,3,3,0,,3,3,1,1,0,0,0,0.0,0.0,0.0,7801.342964172363,0.0,-7801.342964172363,2856.553699,2080.0,59.44
17,upsert,3,L0000,2048,3072,1787902094.2239482,7.801342964172363,18,2,17,1787902086.4226053,conc8,agg_full@rho0.8,0,0.55,0.0,8,0.8,agg_full,1787902086.4225872,3072,-1024,5.971196413040161,0,3072,3072,2048,1024,2,0,6,2,0.3731978088617325,1;2;1;2,29,0,2,60,1787902116.410882,,1,3,3,0,,3,3,1,1,0,0,0,0.0,0.0,0.0,7801.342964172363,0.0,-7801.342964172363,2879.649017,2608.0,59.44
18,upsert,3,L0000,2560,2048,1787902094.2240374,7.801235675811768,19,2,18,1787902086.4228017,conc8,agg_full@rho0.8,0,0.55,0.0,8,0.8,agg_full,1787902086.4227874,2048,512,0.0002002716064453125,0,3072,3072,2048,1024,2,0,6,3,0.3731978088617325,1;2;1;1,29,1,1,42,1787902101.799394,,1,3,3,0,,3,3,1,1,0,0,0,0.0,0.0,0.0,7801.235675811768,0.0,-7801.235675811768,2856.553699,2080.0,59.44
18,upsert,3,L0000,2560,2048,1787902094.2240374,7.801235675811768,19,2,18,1787902086.4228017,conc8,agg_full@rho0.8,0,0.55,0.0,8,0.8,agg_full,1787902086.4227874,2048,512,0.0002002716064453125,0,3072,3072,2048,1024,2,0,6,3,0.3731978088617325,1;2;1;1,29,1,2,60,1787902116.410882,,1,3,3,0,,3,3,1,1,0,0,0,0.0,0.0,0.0,7801.235675811768,0.0,-7801.235675811768,2879.649017,2608.0,59.44
19,upsert,1,L0046,2048,0,1787902094.224094,7.801116943359375,20,1,19,1787902086.422977,conc8,agg_full@rho0.8,0,0.55,0.0,8,0.8,agg_full,1787902086.4229639,0,2048,,0,0,0,0,0,0,0,1,4,0.3731978088617325,1;1;1;1,29,0,1,58,1787902116.4107902,,0,0,1,1,0,0,1,0,2,0,2048,2048,40.96,4.0,36.96,7801.116943359375,36.96,-7764.156943359375,5655.281788,2080.0,36.96
22,upsert,3,L0000,3072,2560,1787902098.004686,11.581217288970947,23,2,22,1787902086.4234688,conc8,agg_full@rho0.8,0,0.55,0.0,8,0.8,agg_full,1787902086.4234562,2560,512,0.0006687641143798828,0,3072,3072,2048,1024,2,0,6,7,0.3731978088617325,0;1;0;0,29,1,1,42,1787902101.799394,,0,3,3,0,2,3,3,1,1,2560,3072,512,10.24,0.0,10.24,11581.217288970947,10.24,-11570.977288970947,2856.553699,2080.0,59.44
22,upsert,3,L0000,3072,2560,1787902098.004686,11.581217288970947,23,2,22,1787902086.4234688,conc8,agg_full@rho0.8,0,0.55,0.0,8,0.8,agg_full,1787902086.4234562,2560,512,0.0006687641143798828,0,3072,3072,2048,1024,2,0,6,7,0.3731978088617325,0;1;0;0,29,1,2,60,1787902116.410882,,0,3,3,0,2,3,3,1,1,2560,3072,512,10.24,0.0,10.24,11581.217288970947,10.24,-11570.977288970947,2879.649017,2608.0,59.44
24,upsert,1,L0014,2560,2048,1787902105.4678974,10.03113603591919,25,1,24,1787902095.4367614,conc8,agg_full@rho0.8,0,0.55,0.0,8,0.8,agg_full,1787902095.4367292,2048,512,20.652334690093994,0,2048,2048,0,2048,1,0,2,5,1.8557549118995667,2;1;2;2,39,0,1,57,1787902116.4107335,,0,1,1,0,2,1,1,1,1,2048,2560,512,10.24,0.0,10.24,10031.13603591919,10.24,-10020.89603591919,5656.303568,2608.0,49.2
65,upsert,2,L0072,2048,0,1787902158.0407045,28.618666410446167,66,1,65,1787902129.422038,conc8,agg_full@rho0.8,0,0.55,0.0,8,0.8,agg_full,1787902129.4220219,0,2048,,0,0,0,0,0,0,0,1,18,14.496839739382267,2;1;1;2,89,0,1,124,1787902175.9692268,,0,0,0,0,0,0,0,1,1,0,0,0,0.0,0.0,0.0,28618.666410446167,0.0,-28618.666410446167,3809.20539,2608.0,0.0
75,upsert,2,L0094,2048,0,1787902158.0411477,21.799393892288208,76,1,75,1787902136.2417538,conc8,agg_full@rho0.8,0,0.55,0.0,8,0.8,agg_full,1787902136.2417407,0,2048,,0,0,0,0,0,0,0,1,28,14.496839739382267,1;1;1;1,97,0,1,120,1787902175.9690294,,0,1,1,0,3,1,1,0,0,2560,2560,0,0.0,0.0,0.0,21799.393892288208,0.0,-21799.393892288208,1551.394318,2608.0,51.2
76,upsert,1,L0075,2048,0,1787902158.0412107,21.799092292785645,77,2,76,1787902136.2421184,conc8,agg_full@rho0.8,0,0.55,0.0,8,0.8,agg_full,1787902136.242106,0,2048,,0,0,0,0,0,0,0,1,29,14.496839739382267,1;0;1;1,97,0,1,110,1787902159.728578,,0,0,1,1,0,0,1,1,2,0,2048,2048,40.96,2.0,38.96,21799.092292785645,38.96,-21760.132292785645,8862.018676,2080.0,38.96
76,upsert,1,L0075,2048,0,1787902158.0412107,21.799092292785645,77,2,76,1787902136.2421184,conc8,agg_full@rho0.8,0,0.55,0.0,8,0.8,agg_full,1787902136.242106,0,2048,,0,0,0,0,0,0,0,1,29,14.496839739382267,1;0;1;1,97,0,2,126,1787902175.9693244,,0,1,1,0,1,1,1,1,1,0,0,0,0.0,0.0,0.0,21799.092292785645,0.0,-21799.092292785645,3504.978758,2608.0,0.0
77,upsert,2,L0069,2048,0,1787902158.041241,21.798753261566162,78,3,77,1787902136.2424877,conc8,agg_full@rho0.8,0,0.55,0.0,8,0.8,agg_full,1787902136.2424762,0,2048,,0,0,0,0,0,0,0,1,30,14.496839739382267,1;0;0;1,97,0,1,113,1787902169.756813,,0,0,2,1,0,0,2,0,0,0,2048,2048,40.96,0.0,40.96,21798.753261566162,40.96,-21757.793261566163,1200.233266,2080.0,40.96
77,upsert,2,L0069,2048,0,1787902158.041241,21.798753261566162,78,3,77,1787902136.2424877,conc8,agg_full@rho0.8,0,0.55,0.0,8,0.8,agg_full,1787902136.2424762,0,2048,,0,0,0,0,0,0,0,1,30,14.496839739382267,1;0;0;1,97,0,2,119,1787902169.756926,,0,3,2,1,3,3,2,1,2,0,2048,2048,40.96,2.0,38.96,21798.753261566162,38.96,-21759.793261566163,5347.444265,2608.0,38.96
77,upsert,2,L0069,2048,0,1787902158.041241,21.798753261566162,78,3,77,1787902136.2424877,conc8,agg_full@rho0.8,0,0.55,0.0,8,0.8,agg_full,1787902136.2424762,0,2048,,0,0,0,0,0,0,0,1,30,14.496839739382267,1;0;0;1,97,0,3,125,1787902175.9692764,,0,1,2,1,1,1,2,1,1,0,2048,2048,40.96,0.0,40.96,21798.753261566162,40.96,-21757.793261566163,2539.034105,2080.0,40.96
78,upsert,3,L0068,2048,0,1787902158.0412645,21.79842519760132,79,2,78,1787902136.2428393,conc8,agg_full@rho0.8,0,0.55,0.0,8,0.8,agg_full,1787902136.2428281,0,2048,,0,0,0,0,0,0,0,1,31,14.496839739382267,1;0;0;0,97,0,1,105,1787902159.7283719,,0,3,3,0,3,3,3,0,0,0,0,0,0.0,0.0,0.0,21798.42519760132,0.0,-21798.42519760132,260.842384,2080.0,0.0
78,upsert,3,L0068,2048,0,1787902158.0412645,21.79842519760132,79,2,78,1787902136.2428393,conc8,agg_full@rho0.8,0,0.55,0.0,8,0.8,agg_full,1787902136.2428281,0,2048,,0,0,0,0,0,0,0,1,31,14.496839739382267,1;0;0;0,97,0,2,116,1787902169.7568762,,0,0,0,0,1,0,0,1,1,2560,2560,0,0.0,0.0,0.0,21798.42519760132,0.0,-21798.42519760132,1579.634429,2608.0,51.2
79,upsert,0,L0065,2048,0,1787902158.0412915,21.798053741455078,80,1,79,1787902136.2432377,conc8,agg_full@rho0.8,0,0.55,0.0,8,0.8,agg_full,1787902136.2432253,0,2048,,0,0,0,0,0,0,0,1,32,14.496839739382267,0;0;0;0,97,0,1,114,1787902169.7568362,,0,0,0,0,0,0,0,0,0,0,0,0,0.0,0.0,0.0,21798.053741455078,0.0,-21798.053741455078,1295.094241,2080.0,0.0
83,upsert,0,L0068,2560,0,1787902160.0289733,16.215410709381104,82,1,83,1787902143.8135626,conc8,agg_full@rho0.8,0,0.55,0.0,8,0.8,agg_full,1787902143.81355,0,2560,,0,0,0,0,0,0,0,2,28,17.645630218088627,1;1;1;1,105,0,1,116,1787902169.7568762,,0,3,0,1,1,3,0,1,1,2048,2560,512,10.24,0.0,10.24,16215.410709381104,10.24,-16205.170709381104,1579.634429,2608.0,51.2
84,upsert,1,L0094,2560,0,1787902160.0290453,16.215089321136475,83,1,84,1787902143.813956,conc8,agg_full@rho0.8,0,0.55,0.0,8,0.8,agg_full,1787902143.8139439,0,2560,,0,0,0,0,0,0,0,2,29,17.645630218088627,1;0;1;1,105,0,1,120,1787902175.9690294,,0,2,1,1,3,2,1,0,0,2048,2560,512,10.24,0.0,10.24,16215.089321136475,10.24,-16204.849321136475,1551.394318,2608.0,51.2
85,upsert,0,L0072,2560,0,1787902160.0291069,16.214751958847046,84,1,85,1787902143.814355,conc8,agg_full@rho0.8,0,0.55,0.0,8,0.8,agg_full,1787902143.814343,0,2560,,0,0,0,0,0,0,0,2,30,17.645630218088627,0;0;1;1,105,0,1,124,1787902175.9692268,,0,2,0,1,0,2,0,1,1,0,0,0,0.0,0.0,0.0,16214.751958847046,0.0,-16214.751958847046,3809.20539,2608.0,0.0
2,upsert,1,L0014,2048,0,1787902212.4436216,15.284327745437622,3,1,2,1787902197.159294,conc8,agg_static@rho0.8,0,0.55,0.0,8,0.8,agg_static,1787902197.1592827,0,2048,,0,0,0,0,0,0,0,1,3,,1;1;1;2,8,0,1,57,1787902240.3776555,,0,0,0,0,3,0,0,0,0,2560,2560,0,0.0,0.0,0.0,15284.327745437622,0.0,-15284.327745437622,1462.943279,2608.0,51.2
3,upsert,3,L0023,2048,0,1787902214.809482,17.6501042842865,5,3,3,1787902197.1593778,conc8,agg_static@rho0.8,0,0.55,0.0,8,0.8,agg_static,1787902197.1593683,0,2048,,0,0,0,0,0,0,0,1,4,,1;1;1;1,8,0,1,35,1787902220.904775,,0,3,3,0,3,3,3,0,0,0,0,0,0.0,0.0,0.0,17650.1042842865,0.0,-17650.1042842865,2867.413911,2080.0,0.0
3,upsert,3,L0023,2048,0,1787902214.809482,17.6501042842865,5,3,3,1787902197.1593778,conc8,agg_static@rho0.8,0,0.55,0.0,8,0.8,agg_static,1787902197.1593683,0,2048,,0,0,0,0,0,0,0,1,4,,1;1;1;1,8,0,2,46,1787902228.1246881,,0,0,0,0,0,0,0,1,1,0,0,0,0.0,0.0,0.0,17650.1042842865,0.0,-17650.1042842865,3097.479266,2080.0,0.0
3,upsert,3,L0023,2048,0,1787902214.809482,17.6501042842865,5,3,3,1787902197.1593778,conc8,agg_static@rho0.8,0,0.55,0.0,8,0.8,agg_static,1787902197.1593683,0,2048,,0,0,0,0,0,0,0,1,4,,1;1;1;1,8,0,3,63,1787902240.3779206,,0,0,0,0,2,0,0,2,2,2560,2560,0,0.0,0.0,0.0,17650.1042842865,0.0,-17650.1042842865,6021.682282,2608.0,49.2
4,upsert,0,L0000,2048,0,1787902214.8095467,17.65009379386902,6,2,4,1787902197.159453,conc8,agg_static@rho0.8,0,0.55,0.0,8,0.8,agg_static,1787902197.1594436,0,2048,,0,0,0,0,0,0,0,2,5,,0;1;1;1,8,0,1,42,1787902228.1245222,,0,3,3,0,3,3,3,0,0,0,0,0,0.0,0.0,0.0,17650.09379386902,0.0,-17650.09379386902,171.087716,2080.0,0.0
4,upsert,0,L0000,2048,0,1787902214.8095467,17.65009379386902,6,2,4,1787902197.159453,conc8,agg_static@rho0.8,0,0.55,0.0,8,0.8,agg_static,1787902197.1594436,0,2048,,0,0,0,0,0,0,0,2,5,,0;1;1;1,8,0,2,60,1787902240.3778005,,0,3,3,0,3,3,3,1,1,0,0,0,0.0,0.0,0.0,17650.09379386902,0.0,-17650.09379386902,2782.111634,2608.0,0.0
7,upsert,2,L0028,2048,0,1787902214.8096015,17.649956464767456,7,1,7,1787902197.159645,conc8,agg_static@rho0.8,0,0.55,0.0,8,0.8,agg_static,1787902197.1596382,0,2048,,0,0,0,0,0,0,0,1,8,,0;0;0;0,8,0,1,55,1787902235.4613142,,0,2,2,0,2,2,2,1,1,0,0,0,0.0,0.0,0.0,17649.956464767456,0.0,-17649.956464767456,4043.85362,2080.0,0.0
11,upsert,3,L0000,3072,0,1787902222.3704758,18.98300337791443,12,2,11,1787902203.3874724,conc8,agg_static@rho0.8,0,0.55,0.0,8,0.8,agg_static,1787902203.3874574,2560,512,6.227951288223267,0,0,0,0,0,0,0,3,12,,1;1;1;1,16,1,1,42,1787902228.1245222,,1,3,3,0,,3,3,0,0,0,0,0,0.0,0.0,0.0,18983.00337791443,0.0,-18983.00337791443,171.087716,2080.0,0.0
11,upsert,3,L0000,3072,0,1787902222.3704758,18.98300337791443,12,2,11,1787902203.3874724,conc8,agg_static@rho0.8,0,0.55,0.0,8,0.8,agg_static,1787902203.3874574,2560,512,6.227951288223267,0,0,0,0,0,0,0,3,12,,1;1;1;1,16,1,2,60,1787902240.3778005,,1,3,3,0,,3,3,1,1,0,0,0,0.0,0.0,0.0,18983.00337791443,0.0,-18983.00337791443,2782.111634,2608.0,0.0
15,upsert,3,L0034,2048,0,1787902222.3705418,18.98279356956482,13,1,15,1787902203.3877482,conc8,agg_static@rho0.8,0,0.55,0.0,8,0.8,agg_static,1787902203.3877418,0,2048,,0,0,0,0,0,0,0,1,16,,0;0;0;0,16,0,1,50,1787902235.4611106,,0,2,3,1,2,2,3,0,1,0,2048,2048,40.96,2.0,38.96,18982.79356956482,38.96,-18943.83356956482,2982.646638,2080.0,38.96
16,upsert,0,L0023,2560,0,1787902222.370638,10.169277906417847,16,2,16,1787902212.20136,conc8,agg_static@rho0.8,0,0.55,0.0,8,0.8,agg_static,1787902212.201336,0,2560,,0,0,0,0,0,0,0,2,16,15.040093898773193,1;2;2;2,24,0,1,46,1787902228.1246881,,0,3,0,1,0,3,0,2,1,0,0,0,0.0,-2.0,2.0,10169.277906417847,2.0,-10167.277906417847,3097.479266,2080.0,0.0
16,upsert,0,L0023,2560,0,1787902222.370638,10.169277906417847,16,2,16,1787902212.20136,conc8,agg_static@rho0.8,0,0.55,0.0,8,0.8,agg_static,1787902212.201336,0,2560,,0,0,0,0,0,0,0,2,16,15.040093898773193,1;2;2;2,24,0,2,63,1787902240.3779206,,0,3,0,1,2,3,0,2,2,2048,2560,512,10.24,0.0,10.24,10169.277906417847,10.24,-10159.037906417847,6021.682282,2608.0,49.2
17,upsert,3,L0000,2048,3072,1787902222.3706641,10.16908597946167,17,2,17,1787902212.2015781,conc8,agg_static@rho0.8,0,0.55,0.0,8,0.8,agg_static,1787902212.2015605,3072,-1024,8.814103126525879,0,0,0,0,0,0,0,6,17,15.040093898773193,1;2;2;1,24,1,1,42,1787902228.1245222,,0,3,3,0,3,3,3,0,0,0,0,0,0.0,0.0,0.0,10169.08597946167,0.0,-10169.08597946167,171.087716,2080.0,0.0
17,upsert,3,L0000,2048,3072,1787902222.3706641,10.16908597946167,17,2,17,1787902212.2015781,conc8,agg_static@rho0.8,0,0.55,0.0,8,0.8,agg_static,1787902212.2015605,3072,-1024,8.814103126525879,0,0,0,0,0,0,0,6,17,15.040093898773193,1;2;2;1,24,1,2,60,1787902240.3778005,,0,3,3,0,3,3,3,1,1,0,0,0,0.0,0.0,0.0,10169.08597946167,0.0,-10169.08597946167,2782.111634,2608.0,0.0
19,upsert,2,L0046,2048,0,1787902222.3706918,10.168823480606079,18,1,19,1787902212.2018683,conc8,agg_static@rho0.8,0,0.55,0.0,8,0.8,agg_static,1787902212.2018573,0,2048,,0,0,0,0,0,0,0,1,19,15.040093898773193,1;1;1;1,24,0,1,58,1787902240.3777106,,0,2,2,0,2,2,2,0,0,0,0,0,0.0,0.0,0.0,10168.82348060608,0.0,-10168.82348060608,1243.918095,2080.0,0.0
24,upsert,0,L0014,2560,0,1787902236.2483819,15.345178365707397,22,1,24,1787902220.9032035,conc8,agg_static@rho0.8,0,0.55,0.0,8,0.8,agg_static,1787902220.9031787,0,2560,,0,0,2048,0,2048,1,0,2,15,15.04760513305664,1;2;2;2,32,0,1,57,1787902240.3776555,,0,1,0,1,3,1,0,1,0,2048,2560,512,10.24,-2.0,12.24,15345.178365707397,12.24,-15332.938365707398,1462.943279,2608.0,51.2
65,upsert,3,L0072,2048,0,1787902286.272977,32.520426511764526,63,1,65,1787902253.7525506,conc8,agg_static@rho0.8,0,0.55,0.0,8,0.8,agg_static,1787902253.7525334,0,2048,,0,0,0,0,0,0,0,1,30,16.817217230796814,2;1;2;1,81,0,1,124,1787902302.6328778,,0,2,3,1,2,2,3,1,1,0,2048,2048,40.96,0.0,40.96,32520.426511764526,40.96,-32479.466511764527,5540.859636,2080.0,40.96
75,upsert,0,L0094,2048,0,1787902293.8341064,33.53547406196594,73,1,75,1787902260.2986324,conc8,agg_static@rho0.8,0,0.55,0.0,8,0.8,agg_static,1787902260.2986186,0,2048,,0,0,0,0,0,0,0,1,33,18.12067810446024,1;1;1;1,89,0,1,120,1787902302.6326952,,0,1,1,0,1,1,1,0,0,0,0,0,0.0,0.0,0.0,33535.47406196594,0.0,-33535.47406196594,1572.282369,2608.0,0.0
76,upsert,1,L0075,2048,0,1787902293.8341455,33.535160303115845,74,1,76,1787902260.2989852,conc8,agg_static@rho0.8,0,0.55,0.0,8,0.8,agg_static,1787902260.2989721,0,2048,,0,0,0,0,0,0,0,1,34,18.12067810446024,1;0;1;1,89,0,1,126,1787902302.6329732,,0,0,1,1,0,0,1,1,1,0,2048,2048,40.96,0.0,40.96,33535.160303115845,40.96,-33494.200303115846,5087.312022,2080.0,40.96
77,upsert,3,L0069,2048,0,1787902302.1381433,41.83880281448364,75,1,77,1787902260.2993405,conc8,agg_static@rho0.8,0,0.55,0.0,8,0.8,agg_static,1787902260.2993283,0,2048,,0,0,0,0,0,0,0,1,35,18.12067810446024,1;0;1;0,89,0,1,125,1787902302.6329272,,0,1,3,1,1,1,3,1,2,0,2048,2048,40.96,2.0,38.96,41838.80281448364,38.96,-41799.84281448364,5540.31353,2080.0,38.96
84,upsert,1,L0094,2560,0,1787902302.138595,33.392657995224,82,1,84,1787902268.745937,conc8,agg_static@rho0.8,0,0.55,0.0,8,0.8,agg_static,1787902268.7459254,0,2560,,0,0,0,0,0,0,0,2,34,21.180542156100273,1;0;1;1,97,0,1,120,1787902302.6326952,,0,0,1,1,1,0,1,0,0,0,0,0,0.0,0.0,0.0,33392.657995224,0.0,-33392.657995224,1572.282369,2608.0,0.0
7,upsert,2,L0001,2048,0,1787902346.7361856,24.948291063308716,1,3,7,1787902321.7878945,conc8,agg_full@rho0.8,1,0.55,0.0,8,0.8,agg_full,1787902321.787887,0,2048,,0,0,0,0,0,0,0,1,8,,0;0;0;0,8,0,1,40,1787902351.5093348,,0,3,3,0,0,3,3,0,0,2560,2560,0,0.0,0.0,0.0,24948.291063308716,0.0,-24948.291063308716,1595.328041,2608.0,51.2
7,upsert,2,L0001,2048,0,1787902346.7361856,24.948291063308716,1,3,7,1787902321.7878945,conc8,agg_full@rho0.8,1,0.55,0.0,8,0.8,agg_full,1787902321.787887,0,2048,,0,0,0,0,0,0,0,1,8,,0;0;0;0,8,0,2,41,1787902351.509404,,0,3,3,0,0,3,3,1,1,2560,2560,0,0.0,0.0,0.0,24948.291063308716,0.0,-24948.291063308716,1811.864707,2080.0,49.2
7,upsert,2,L0001,2048,0,1787902346.7361856,24.948291063308716,1,3,7,1787902321.7878945,conc8,agg_full@rho0.8,1,0.55,0.0,8,0.8,agg_full,1787902321.787887,0,2048,,0,0,0,0,0,0,0,1,8,,0;0;0;0,8,0,3,56,1787902370.2050264,,0,3,3,0,1,3,3,0,0,2560,2560,0,0.0,0.0,0.0,24948.291063308716,0.0,-24948.291063308716,333.216184,2608.0,51.2
15,upsert,3,L0001,2560,0,1787902348.3217118,19.252138376235962,3,3,15,1787902329.0695734,conc8,agg_full@rho0.8,1,0.55,0.0,8,0.8,agg_full,1787902329.0695705,0,2560,,0,0,0,0,0,0,0,2,16,,0;0;0;0,16,0,1,40,1787902351.5093348,,0,2,3,1,0,2,3,0,0,2048,2560,512,10.24,0.0,10.24,19252.138376235962,10.24,-19241.89837623596,1595.328041,2608.0,51.2
15,upsert,3,L0001,2560,0,1787902348.3217118,19.252138376235962,3,3,15,1787902329.0695734,conc8,agg_full@rho0.8,1,0.55,0.0,8,0.8,agg_full,1787902329.0695705,0,2560,,0,0,0,0,0,0,0,2,16,,0;0;0;0,16,0,2,41,1787902351.509404,,0,2,3,1,0,2,3,0,1,2048,2560,512,10.24,2.0,8.24,19252.138376235962,8.24,-19243.89837623596,1811.864707,2080.0,49.2
15,upsert,3,L0001,2560,0,1787902348.3217118,19.252138376235962,3,3,15,1787902329.0695734,conc8,agg_full@rho0.8,1,0.55,0.0,8,0.8,agg_full,1787902329.0695705,0,2560,,0,0,0,0,0,0,0,2,16,,0;0;0;0,16,0,3,56,1787902370.2050264,,0,2,3,1,1,2,3,0,0,2048,2560,512,10.24,0.0,10.24,19252.138376235962,10.24,-19241.89837623596,333.216184,2608.0,51.2
17,upsert,3,L0007,2560,0,1787902353.102207,16.691137313842773,5,1,17,1787902336.4110696,conc8,agg_full@rho0.8,1,0.55,0.0,8,0.8,agg_full,1787902336.4110544,0,2560,,0,0,0,0,0,0,0,2,18,,1;2;2;1,24,0,1,63,1787902370.2053235,,0,3,3,0,3,3,3,1,1,0,0,0,0.0,0.0,0.0,16691.137313842773,0.0,-16691.137313842773,2179.866041,2608.0,0.0
27,upsert,3,L0000,2048,0,1787902360.2844987,16.907840967178345,11,2,27,1787902343.3766577,conc8,agg_full@rho0.8,1,0.55,0.0,8,0.8,agg_full,1787902343.3766475,0,2048,,0,0,0,0,0,0,0,1,28,,1;1;1;1,32,0,1,50,1787902363.061216,,0,0,0,0,1,0,0,1,1,2560,2560,0,0.0,0.0,0.0,16907.840967178345,0.0,-16907.840967178345,5248.919759,2608.0,49.2
27,upsert,3,L0000,2048,0,1787902360.2844987,16.907840967178345,11,2,27,1787902343.3766577,conc8,agg_full@rho0.8,1,0.55,0.0,8,0.8,agg_full,1787902343.3766475,0,2048,,0,0,0,0,0,0,0,1,28,,1;1;1;1,32,0,2,51,1787902363.061266,,0,0,0,0,1,0,0,2,2,2560,2560,0,0.0,0.0,0.0,16907.840967178345,0.0,-16907.840967178345,5248.319889,2080.0,47.2
34,upsert,2,L0006,2048,0,1787902362.2729316,10.765498638153076,17,1,34,1787902351.507433,conc8,agg_full@rho0.8,1,0.55,0.0,8,0.8,agg_full,1787902351.5074186,0,2048,,0,0,0,0,0,0,0,1,32,21.150827010472614,1;1;1;2,40,0,1,53,1787902363.0613494,,0,3,2,1,3,3,2,0,1,0,2048,2048,40.96,2.0,38.96,10765.498638153076,38.96,-10726.538638153077,3966.322569,2080.0,38.96
36,upsert,0,L0000,2560,0,1787902362.2730198,10.764974117279053,19,2,36,1787902351.5080457,conc8,agg_full@rho0.8,1,0.55,0.0,8,0.8,agg_full,1787902351.508034,0,2560,,0,0,0,0,0,0,0,2,34,21.150827010472614,0;1;1;1,40,0,1,50,1787902363.061216,,0,3,0,1,1,3,0,0,1,2048,2560,512,10.24,2.0,8.24,10764.974117279053,8.24,-10756.734117279053,5248.919759,2608.0,49.2
36,upsert,0,L0000,2560,0,1787902362.2730198,10.764974117279053,19,2,36,1787902351.5080457,conc8,agg_full@rho0.8,1,0.55,0.0,8,0.8,agg_full,1787902351.508034,0,2560,,0,0,0,0,0,0,0,2,34,21.150827010472614,0;1;1;1,40,0,2,51,1787902363.061266,,0,3,0,1,1,3,0,0,2,2048,2560,512,10.24,4.0,6.24,10764.974117279053,6.24,-10758.734117279053,5248.319889,2080.0,47.2
64,upsert,3,L0070,2048,0,1787902405.5167944,20.015408992767334,46,1,64,1787902385.5013855,conc8,agg_full@rho0.8,1,0.55,0.0,8,0.8,agg_full,1787902385.5013578,0,2048,,0,0,0,0,0,0,0,1,29,13.847492575645447,2;2;2;1,79,0,1,120,1787902433.089645,,0,1,1,0,2,1,1,0,0,2560,2560,0,0.0,0.0,0.0,20015.408992767334,0.0,-20015.408992767334,284.24149,2080.0,51.2
70,upsert,2,L0068,2048,0,1787902405.5170813,20.013323545455933,52,3,70,1787902385.5037577,conc8,agg_full@rho0.8,1,0.55,0.0,8,0.8,agg_full,1787902385.503747,0,2048,,0,0,0,0,0,0,0,1,35,13.847492575645447,1;0;0;0,79,0,1,104,1787902418.080698,,0,1,2,1,1,1,2,0,0,0,2048,2048,40.96,0.0,40.96,20013.323545455933,40.96,-19972.363545455933,1183.503546,2080.0,40.96
70,upsert,2,L0068,2048,0,1787902405.5170813,20.013323545455933,52,3,70,1787902385.5037577,conc8,agg_full@rho0.8,1,0.55,0.0,8,0.8,agg_full,1787902385.503747,0,2048,,0,0,0,0,0,0,0,1,35,13.847492575645447,1;0;0;0,79,0,2,111,1787902418.0809808,,0,1,2,1,1,1,2,1,2,0,2048,2048,40.96,2.0,38.96,20013.323545455933,38.96,-19974.363545455933,5524.912386,2608.0,38.96
70,upsert,2,L0068,2048,0,1787902405.5170813,20.013323545455933,52,3,70,1787902385.5037577,conc8,agg_full@rho0.8,1,0.55,0.0,8,0.8,agg_full,1787902385.503747,0,2048,,0,0,0,0,0,0,0,1,35,13.847492575645447,1;0;0;0,79,0,3,121,1787902433.0897114,,0,2,2,0,2,2,2,0,0,0,0,0,0.0,0.0,0.0,20013.323545455933,0.0,-20013.323545455933,285.495936,2080.0,0.0
71,upsert,0,L0109,2048,0,1787902409.93082,24.426722288131714,53,1,71,1787902385.5040977,conc8,agg_full@rho0.8,1,0.55,0.0,8,0.8,agg_full,1787902385.5040867,0,2048,,0,0,0,0,0,0,0,1,36,13.847492575645447,0;0;0;0,79,0,1,119,1787902424.5120595,,0,1,0,1,1,1,0,1,2,0,2048,2048,40.96,2.0,38.96,24426.722288131714,38.96,-24387.762288131715,1703.379314,2080.0,38.96
74,upsert,1,L0070,2560,0,1787902409.931063,16.7888822555542,56,1,74,1787902393.1421807,conc8,agg_full@rho0.8,1,0.55,0.0,8,0.8,agg_full,1787902393.142154,0,2560,,0,0,0,0,0,0,0,2,38,14.033053681254387,2;1;1;1,87,0,1,120,1787902433.089645,,0,3,1,1,2,3,1,0,0,2048,2560,512,10.24,0.0,10.24,16788.8822555542,10.24,-16778.642255554198,284.24149,2080.0,51.2
75,upsert,0,L0064,2048,0,1787902409.9311082,16.788521766662598,57,4,75,1787902393.1425865,conc8,agg_full@rho0.8,1,0.55,0.0,8,0.8,agg_full,1787902393.1425738,0,2048,,0,0,0,0,0,0,0,1,39,14.033053681254387,1;1;1;1,87,0,1,99,1787902410.2340837,,0,2,0,1,2,2,0,0,0,0,2048,2048,40.96,0.0,40.96,16788.521766662598,40.96,-16747.5617666626,2662.386655,2080.0,40.96
75,upsert,0,L0064,2048,0,1787902409.9311082,16.788521766662598,57,4,75,1787902393.1425865,conc8,agg_full@rho0.8,1,0.55,0.0,8,0.8,agg_full,1787902393.1425738,0,2048,,0,0,0,0,0,0,0,1,39,14.033053681254387,1;1;1;1,87,0,2,113,1787902424.5118082,,0,1,0,1,1,1,0,0,0,0,2048,2048,40.96,0.0,40.96,16788.521766662598,40.96,-16747.5617666626,163.189699,2080.0,40.96
75,upsert,0,L0064,2048,0,1787902409.9311082,16.788521766662598,57,4,75,1787902393.1425865,conc8,agg_full@rho0.8,1,0.55,0.0,8,0.8,agg_full,1787902393.1425738,0,2048,,0,0,0,0,0,0,0,1,39,14.033053681254387,1;1;1;1,87,0,3,115,1787902424.511905,,0,2,0,1,2,2,0,0,1,0,2048,2048,40.96,2.0,38.96,16788.521766662598,38.96,-16749.5617666626,1705.6097,2608.0,38.96
75,upsert,0,L0064,2048,0,1787902409.9311082,16.788521766662598,57,4,75,1787902393.1425865,conc8,agg_full@rho0.8,1,0.55,0.0,8,0.8,agg_full,1787902393.1425738,0,2048,,0,0,0,0,0,0,0,1,39,14.033053681254387,1;1;1;1,87,0,4,125,1787902433.0898907,,0,1,1,0,1,1,1,1,1,0,0,0,0.0,0.0,0.0,16788.521766662598,0.0,-16788.521766662598,2277.871036,2608.0,0.0
76,upsert,3,L0099,2048,0,1787902409.9311478,16.788200855255127,58,1,76,1787902393.142947,conc8,agg_full@rho0.8,1,0.55,0.0,8,0.8,agg_full,1787902393.1429343,0,2048,,0,0,0,0,0,0,0,1,40,14.033053681254387,1;1;1;0,87,0,1,97,1787902410.2340407,,0,2,3,1,2,2,3,0,1,0,2048,2048,40.96,2.0,38.96,16788.200855255127,38.96,-16749.240855255128,5333.620488,2080.0,38.96
91,upsert,1,L0064,2560,0,1787902428.2485452,18.0981924533844,72,1,91,1787902410.1503527,conc8,agg_full@rho0.8,1,0.55,0.0,8,0.8,agg_full,1787902410.1503372,0,2560,,0,0,2048,0,2048,1,0,2,33,17.63045858591795,1;1;1;1,103,0,1,125,1787902433.0898907,,0,0,1,1,1,0,1,1,1,0,0,0,0.0,0.0,0.0,18098.1924533844,0.0,-18098.1924533844,2277.871036,2608.0,0.0
94,upsert,2,L0066,2048,0,1787902428.2486868,18.097086429595947,75,2,94,1787902410.1516004,conc8,agg_full@rho0.8,1,0.55,0.0,8,0.8,agg_full,1787902410.151589,0,2048,,0,0,0,0,0,0,0,1,36,17.63045858591795,1;0;0;0,103,0,1,122,1787902433.0897632,,0,0,2,1,0,0,2,0,1,0,2048,2048,40.96,2.0,38.96,18097.086429595947,38.96,-18058.126429595948,1869.236393,2080.0,38.96
94,upsert,2,L0066,2048,0,1787902428.2486868,18.097086429595947,75,2,94,1787902410.1516004,conc8,agg_full@rho0.8,1,0.55,0.0,8,0.8,agg_full,1787902410.151589,0,2048,,0,0,0,0,0,0,0,1,36,17.63045858591795,1;0;0;0,103,0,2,126,1787902433.0899372,,0,0,2,1,0,0,2,1,2,0,2048,2048,40.96,2.0,38.96,18097.086429595947,38.96,-18058.126429595948,1866.716488,2080.0,38.96
1,upsert,2,L0007,2048,0,1787902466.419102,15.13145661354065,2,1,1,1787902451.2876453,conc8,agg_static@rho0.8,1,0.55,0.0,8,0.8,agg_static,1787902451.2876313,0,2048,,0,0,0,0,0,0,0,1,2,,1;2;1;2,8,0,1,63,1787902499.577646,,0,3,3,0,2,3,3,3,3,512,512,0,0.0,0.0,0.0,15131.45661354065,0.0,-15131.45661354065,5142.107955,2608.0,6.24
5,upsert,3,L0021,2048,0,1787902470.3948638,19.106886386871338,5,2,5,1787902451.2879775,conc8,agg_static@rho0.8,1,0.55,0.0,8,0.8,agg_static,1787902451.2879694,0,2048,,0,0,0,0,0,0,0,1,6,,0;1;1;0,8,0,1,58,1787902499.577439,,0,2,3,1,2,2,3,0,1,0,2048,2048,40.96,2.0,38.96,19106.886386871338,38.96,-19067.92638687134,5145.11373,2080.0,38.96
5,upsert,3,L0021,2048,0,1787902470.3948638,19.106886386871338,5,2,5,1787902451.2879775,conc8,agg_static@rho0.8,1,0.55,0.0,8,0.8,agg_static,1787902451.2879694,0,2048,,0,0,0,0,0,0,0,1,6,,0;1;1;0,8,0,2,61,1787902499.577568,,0,1,3,1,1,1,3,1,2,0,2048,2048,40.96,2.0,38.96,19106.886386871338,38.96,-19067.92638687134,5143.175153,2608.0,38.96
7,upsert,2,L0001,2048,0,1787902470.3949318,19.10682487487793,6,3,7,1787902451.288107,conc8,agg_static@rho0.8,1,0.55,0.0,8,0.8,agg_static,1787902451.2880998,0,2048,,0,0,0,0,0,0,0,1,8,,0;0;0;0,8,0,1,40,1787902481.2837214,,0,3,3,0,0,3,3,0,0,2560,2560,0,0.0,0.0,0.0,19106.82487487793,0.0,-19106.82487487793,1439.3442,2608.0,51.2
7,upsert,2,L0001,2048,0,1787902470.3949318,19.10682487487793,6,3,7,1787902451.288107,conc8,agg_static@rho0.8,1,0.55,0.0,8,0.8,agg_static,1787902451.2880998,0,2048,,0,0,0,0,0,0,0,1,8,,0;0;0;0,8,0,2,41,1787902481.2837882,,0,3,3,0,0,3,3,1,1,2560,2560,0,0.0,0.0,0.0,19106.82487487793,0.0,-19106.82487487793,1636.296147,2080.0,49.2
7,upsert,2,L0001,2048,0,1787902470.3949318,19.10682487487793,6,3,7,1787902451.288107,conc8,agg_static@rho0.8,1,0.55,0.0,8,0.8,agg_static,1787902451.2880998,0,2048,,0,0,0,0,0,0,0,1,8,,0;0;0;0,8,0,3,56,1787902499.5773234,,0,3,3,0,1,3,3,0,0,2560,2560,0,0.0,0.0,0.0,19106.82487487793,0.0,-19106.82487487793,192.01967,2608.0,51.2
15,upsert,3,L0001,2560,0,1787902478.7607815,20.070451736450195,13,3,15,1787902458.6903298,conc8,agg_static@rho0.8,1,0.55,0.0,8,0.8,agg_static,1787902458.6903217,0,2560,,0,0,0,0,0,0,0,2,16,,0;0;0;0,16,0,1,40,1787902481.2837214,,0,2,3,1,0,2,3,0,0,2048,2560,512,10.24,0.0,10.24,20070.451736450195,10.24,-20060.211736450194,1439.3442,2608.0,51.2
15,upsert,3,L0001,2560,0,1787902478.7607815,20.070451736450195,13,3,15,1787902458.6903298,conc8,agg_static@rho0.8,1,0.55,0.0,8,0.8,agg_static,1787902458.6903217,0,2560,,0,0,0,0,0,0,0,2,16,,0;0;0;0,16,0,2,41,1787902481.2837882,,0,2,3,1,0,2,3,0,1,2048,2560,512,10.24,2.0,8.24,20070.451736450195,8.24,-20062.211736450194,1636.296147,2080.0,49.2
15,upsert,3,L0001,2560,0,1787902478.7607815,20.070451736450195,13,3,15,1787902458.6903298,conc8,agg_static@rho0.8,1,0.55,0.0,8,0.8,agg_static,1787902458.6903217,0,2560,,0,0,0,0,0,0,0,2,16,,0;0;0;0,16,0,3,56,1787902499.5773234,,0,2,3,1,1,2,3,0,0,2048,2560,512,10.24,0.0,10.24,20070.451736450195,10.24,-20060.211736450194,192.01967,2608.0,51.2
12,upsert,0,L0022,2048,0,1787902478.7608187,20.07073974609375,14,2,12,1787902458.690079,conc8,agg_static@rho0.8,1,0.55,0.0,8,0.8,agg_static,1787902458.69007,0,2048,,0,0,0,0,0,0,0,1,13,,0;1;1;1,16,0,1,55,1787902492.8949447,,0,1,0,1,1,1,0,1,2,0,2048,2048,40.96,2.0,38.96,20070.73974609375,38.96,-20031.77974609375,3326.766864,2080.0,38.96
12,upsert,0,L0022,2048,0,1787902478.7608187,20.07073974609375,14,2,12,1787902458.690079,conc8,agg_static@rho0.8,1,0.55,0.0,8,0.8,agg_static,1787902458.69007,0,2048,,0,0,0,0,0,0,0,1,13,,0;1;1;1,16,0,2,57,1787902499.5773873,,0,0,0,0,0,0,0,0,0,0,0,0,0.0,0.0,0.0,20070.73974609375,0.0,-20070.73974609375,1658.118047,2608.0,0.0
17,upsert,3,L0007,2560,0,1787902478.760907,12.38670563697815,17,1,17,1787902466.3742013,conc8,agg_static@rho0.8,1,0.55,0.0,8,0.8,agg_static,1787902466.3741853,0,2560,,0,0,0,0,0,0,0,2,17,13.546252489089966,1;2;2;1,24,0,1,63,1787902499.577646,,0,2,3,1,2,2,3,1,3,0,512,512,10.24,4.0,6.24,12386.70563697815,6.24,-12380.46563697815,5142.107955,2608.0,6.24
18,upsert,1,L0013,2048,0,1787902478.7609346,12.386569261550903,18,2,18,1787902466.3743653,conc8,agg_static@rho0.8,1,0.55,0.0,8,0.8,agg_static,1787902466.374353,0,2048,,0,0,0,0,0,0,0,1,18,13.546252489089966,1;1;2;1,24,0,1,49,1787902492.8947043,,0,0,1,1,0,0,1,0,0,0,2048,2048,40.96,0.0,40.96,12386.569261550903,40.96,-12345.609261550904,1231.442461,2080.0,40.96
18,upsert,1,L0013,2048,0,1787902478.7609346,12.386569261550903,18,2,18,1787902466.3743653,conc8,agg_static@rho0.8,1,0.55,0.0,8,0.8,agg_static,1787902466.374353,0,2048,,0,0,0,0,0,0,0,1,18,13.546252489089966,1;1;2;1,24,0,2,59,1787902499.577486,,0,2,1,1,2,2,1,0,0,0,2048,2048,40.96,0.0,40.96,12386.569261550903,40.96,-12345.609261550904,1661.457159,2608.0,40.96
20,upsert,0,L0024,2048,0,1787902487.931409,21.556790113449097,20,1,20,1787902466.3746188,conc8,agg_static@rho0.8,1,0.55,0.0,8,0.8,agg_static,1787902466.374607,0,2048,,0,0,0,0,0,0,0,1,20,13.546252489089966,0;1;1;1,24,0,1,54,1787902492.8949027,,0,1,0,1,1,1,0,1,1,0,2048,2048,40.96,0.0,40.96,21556.790113449097,40.96,-21515.830113449098,3327.706971,2080.0,40.96
64,upsert,3,L0070,2048,0,1787902542.5655575,30.6119225025177,62,1,64,1787902511.953635,conc8,agg_static@rho0.8,1,0.55,0.0,8,0.8,agg_static,1787902511.9536054,0,2048,,0,0,0,0,0,0,0,1,20,19.551871970295906,2;2;2;1,83,0,1,120,1787902561.351346,,0,2,2,0,0,2,2,0,0,2560,2560,0,0.0,0.0,0.0,30611.9225025177,0.0,-30611.9225025177,166.042682,2080.0,51.2
70,upsert,1,L0068,2048,0,1787902542.5658424,30.60979127883911,68,3,70,1787902511.956051,conc8,agg_static@rho0.8,1,0.55,0.0,8,0.8,agg_static,1787902511.9560404,0,2048,,0,0,0,0,0,0,0,1,26,19.551871970295906,1;0;0;0,83,0,1,104,1787902543.4843912,,0,3,1,1,3,3,1,0,0,0,2048,2048,40.96,0.0,40.96,30609.79127883911,40.96,-30568.831278839112,1421.444032,2080.0,40.96
70,upsert,1,L0068,2048,0,1787902542.5658424,30.60979127883911,68,3,70,1787902511.956051,conc8,agg_static@rho0.8,1,0.55,0.0,8,0.8,agg_static,1787902511.9560404,0,2048,,0,0,0,0,0,0,0,1,26,19.551871970295906,1;0;0;0,83,0,2,111,1787902543.4846697,,0,3,1,1,3,3,1,1,2,0,2048,2048,40.96,2.0,38.96,30609.79127883911,38.96,-30570.831278839112,8784.624455,2608.0,38.96
70,upsert,1,L0068,2048,0,1787902542.5658424,30.60979127883911,68,3,70,1787902511.956051,conc8,agg_static@rho0.8,1,0.55,0.0,8,0.8,agg_static,1787902511.9560404,0,2048,,0,0,0,0,0,0,0,1,26,19.551871970295906,1;0;0;0,83,0,3,121,1787902561.3514118,,0,0,1,1,0,0,1,0,0,0,2048,2048,40.96,0.0,40.96,30609.79127883911,40.96,-30568.831278839112,277.332078,2080.0,40.96
71,upsert,0,L0109,2048,0,1787902551.4674087,39.511003255844116,69,1,71,1787902511.9564054,conc8,agg_static@rho0.8,1,0.55,0.0,8,0.8,agg_static,1787902511.9563944,0,2048,,0,0,0,0,0,0,0,1,27,19.551871970295906,0;0;0;0,83,0,1,119,1787902553.3444178,,0,0,0,0,0,0,0,1,1,0,0,0,0.0,0.0,0.0,39511.003255844116,0.0,-39511.003255844116,3872.570991,2080.0,0.0
74,upsert,2,L0070,2560,0,1787902551.4676285,32.17511773109436,72,1,74,1787902519.2925107,conc8,agg_static@rho0.8,1,0.55,0.0,8,0.8,agg_static,1787902519.2924967,0,2560,,0,0,0,0,0,0,0,2,23,19.884364895522594,1;2;1;1,91,0,1,120,1787902561.351346,,0,3,2,1,0,3,2,0,0,2048,2560,512,10.24,0.0,10.24,32175.11773109436,10.24,-32164.87773109436,166.042682,2080.0,51.2
75,upsert,1,L0064,2048,0,1787902551.4676697,32.17475366592407,73,3,75,1787902519.292916,conc8,agg_static@rho0.8,1,0.55,0.0,8,0.8,agg_static,1787902519.2929027,0,2048,,0,0,0,0,0,0,0,1,24,19.884364895522594,1;1;1;1,91,0,1,113,1787902553.3441684,,0,0,1,1,0,0,1,0,1,0,2048,2048,40.96,2.0,38.96,32174.753665924072,38.96,-32135.793665924073,3128.101977,2080.0,38.96
75,upsert,1,L0064,2048,0,1787902551.4676697,32.17475366592407,73,3,75,1787902519.292916,conc8,agg_static@rho0.8,1,0.55,0.0,8,0.8,agg_static,1787902519.2929027,0,2048,,0,0,0,0,0,0,0,1,24,19.884364895522594,1;1;1;1,91,0,2,115,1787902553.344266,,0,2,1,1,2,2,1,0,2,0,2048,2048,40.96,4.0,36.96,32174.753665924072,36.96,-32137.793665924073,3126.809732,2608.0,36.96
75,upsert,1,L0064,2048,0,1787902551.4676697,32.17475366592407,73,3,75,1787902519.292916,conc8,agg_static@rho0.8,1,0.55,0.0,8,0.8,agg_static,1787902519.2929027,0,2048,,0,0,0,0,0,0,0,1,24,19.884364895522594,1;1;1;1,91,0,3,125,1787902561.3515918,,0,3,1,1,3,3,1,1,1,0,2048,2048,40.96,0.0,40.96,32174.753665924072,40.96,-32133.793665924073,633.734637,3136.0,40.96
